{"solver": "bb_full", "time": {"mu": [23286957.7, 9565048.55, 23011378.0, 126824394.75, 108903624.55, 134695881.8, 1666061158.25, 2123654918.75, 7682242839.85, 19192367055.9, 24334243586.55, 38940425827.65, 51961515649.9, 81033287809.2, 116618076461.65, 141682637624.1, 170397183966.05, 362356282740.9, 662163829339.55, 1069453527659.1], "sigma": [17051161.112653982, 1007398.6152135386, 4063923.0766571774, 19388854.523336984, 15574302.265377715, 21872830.348039374, 196211197.14020512, 333044205.11967236, 338927672.3501784, 1176417497.9257689, 193419691.5980693, 178518640.38552096, 526158492.56588596, 1258954409.6387098, 932394184.9501096, 2102209557.6542304, 1749801112.8639398, 3136511436.5758924, 5108934522.717373, 4169082280.0301175]}, "instance": {"obj": [3485.0, 12778.0, 49325.0, 318592.0, 1250866.0, 5010193.0, 30760609.0, 124512023.0, 500821276.0, 225083703.0, 400314062.0, 627321623.0, 901076750.0, 1222505325.0, 1598625279.0, 2024816442.0, 2494914202.0, 5627067698.153, 9994195748.754, 15613785066.155], "rhs": [3485, 12778, 49325, 318592, 1250866, 5010193, 30760609, 124512023, 500821276, 225083703, 400314062, 627321623, 901076750, 1222505325, 1598625279, 2024816442, 2494914202, 5627067690, 9994195562, 15613784726], "timed_out": [false, false, false, false, false, false, false, false, false, false, false, false, false, false, false, false, false, true, true, true]}}