{"solver": "dioph", "time": {"mu": [310070.95, 656709.45, 1441118.15, 4668937.6, 13159896.75, 43102388.5, 264996948.1, 1164326257.5, 4991003566.65, 11552675210.55, 20994066917.65, 33451403125.75, 48544878183.7, 66344556155.95, 87726431741.3, 111552618674.55, 139651738993.55, 318234809323.15, 581549697669.05, 915386601531.95], "sigma": [8885.088747446476, 5965.939873675881, 7437.320855162266, 19869.460661766178, 31697.52553496051, 40244.62405222918, 915652.4779736319, 1865136.138253339, 8483140.833746744, 13249902.494710242, 82323705.25759308, 41805315.32610994, 51632395.13646559, 101190868.70117272, 117300410.16967277, 116392680.24799344, 159017851.0800611, 153139918.89841723, 478678574.62965393, 768263985.7435769]}, "instance": {"obj": [3485, 12778, 49325, 318592, 1250866, 5010193, 30760609, 124512023, 500821276, 225083703, 400314062, 627321623, 901076750, 1222505325, 1598625279, 2024816442, 2494914202, 0, 0, 0], "rhs": [3485, 12778, 49325, 318592, 1250866, 5010193, 30760609, 124512023, 500821276, 225083703, 400314062, 627321623, 901076750, 1222505325, 1598625279, 2024816442, 2494914202, 5627067690, 9994195562, 15613784726], "timed_out": [false, false, false, false, false, false, false, false, false, false, false, false, false, false, false, false, false, true, true, true]}}