{"solver": "dp", "time": {"mu": [40936236.4, 76150516.45, 111597622.2, 146241037.8, 181214217.65, 216014721.15, 251805676.95, 287360040.6, 323021125.55, 359825582.95, 397900389.3, 436343727.3, 475612318.35, 515609121.85, 554822962.35, 598263919.65, 642847262.55, 687427391.0, 731801350.1, 774333714.35, 820641584.9, 866406860.65, 910919532.6, 954341431.9, 1005478912.15, 1052775481.1, 1096445553.15, 1136418182.3, 1181361169.2, 1222379193.75, 1262879514.35, 1304646678.3, 1344988748.2, 1386291289.35, 1428714330.25, 1468741268.45, 1511261378.55, 1549973825.95, 1593114006.4, 1634377584.1, 1676507394.15, 1717882046.15, 1756873291.65, 1798893219.9, 1841029684.0, 1884646678.15, 1924073083.4, 1964004285.85, 2010409011.1, 2049983801.05, 2106441025.05, 2133188430.75, 2176721939.3, 2225397981.55, 2253786749.7, 2298136345.6, 2361969119.7, 2391858880.55, 2448299375.15, 2459085363.15, 2524461395.2, 2555544956.65, 2584400358.7, 2624809609.9, 2666640177.5, 2707407336.7, 2746653913.75, 2790479677.9, 2829150044.8, 2867352866.45, 2909176582.55, 2953396579.45, 2993739336.05, 3034723315.2, 3073073614.9, 3115909240.4, 3157054190.6, 3198285858.4, 3236973869.4, 3280800797.35, 3321604725.35, 3363839271.8, 3403754904.15, 3446542595.7, 3486261824.75, 3530465156.3, 3574371670.5, 3613400357.2, 3650802977.2, 3695364665.0, 3733909475.0, 3692371871.3, 3674683719.25, 3716884152.1, 3758589629.95, 3798801868.4, 3835591954.15, 3876065172.1, 3918108117.45, 3960494043.85, 3993452703.55, 4033778496.95, 4079024675.35, 4113983101.35, 4153757939.0, 4195481727.15, 4234713217.8, 4278199124.95, 4314627923.45, 4357496875.25, 4404605983.95, 4436566712.05, 4472588646.25, 4516403122.15, 4553291800.2, 4591088095.85, 4628638170.4, 4675314076.6, 4713083550.85, 4754071918.35, 4793186613.15, 4836996051.55, 4878173746.75, 4910951480.15, 4952575823.05, 4993042143.8, 5035965407.65, 5073919473.2], "sigma": [110778.67566905408, 302165.5953532895, 525685.5528368946, 577631.1077601982, 595602.082676564, 664105.5346469911, 532781.4081458169, 1003330.9252227591, 1448042.538009392, 1730013.3440402152, 1512358.6935591388, 2412917.473789182, 2207735.2763590654, 2778031.0910845185, 1848604.2440835785, 2767853.0361632714, 1929103.9360125202, 2178460.7737020724, 2508335.905015827, 1813067.7542202875, 2728984.4968011724, 2742859.1452575307, 1764027.2521099763, 2241243.0676980154, 7016762.841464501, 4549907.096603008, 2406949.7444466553, 2263830.764868934, 2898848.5868972475, 4461072.788190856, 3968650.1669816663, 2937475.288129947, 4736380.97542362, 3460057.9167205654, 4338639.911843195, 4262454.154683728, 3556764.383929503, 4083525.2114201845, 2443145.7385458997, 3612817.1589361336, 3127776.8517808346, 3046391.269905, 3798689.2362978975, 2789489.2426782683, 5490676.345725916, 2168742.8138375534, 2564664.5278381137, 3314070.3345166645, 3469923.8842272805, 3859770.5044925376, 32689835.482543044, 3200898.333799351, 2641073.1270092125, 21830946.125424407, 3894053.9835496577, 12590458.157150384, 5373115.036851236, 13016699.816651775, 6798715.387196809, 10028181.916551156, 7340864.249121874, 14425612.764741799, 10293483.582600223, 4007955.8920232235, 4802386.835526274, 4119946.5225023455, 3877536.9640295994, 2912728.1263619307, 4031347.226950441, 4827580.129898377, 5777813.515463025, 5084520.059646074, 5318758.968762459, 5480427.040101707, 5673329.349463096, 5464004.343434241, 5216777.72090364, 5289375.663351637, 7570932.8583685495, 6934238.220279551, 7317366.85938411, 7573324.849658929, 7378249.421843185, 7478140.132983504, 8149792.289082212, 8045221.052465914, 6932101.287886862, 7862258.093494117, 6912547.481971863, 8957479.804355329, 6041920.275512736, 65245774.47891238, 6306782.391901727, 2662205.914198558, 2009659.7901429792, 3357608.2755114213, 3129213.019344729, 3114520.9400535575, 3970705.3094933764, 1643840.846866466, 6358923.461168933, 2197477.3698275145, 6512998.517430648, 1550678.721084086, 5964762.320593706, 2804025.2931385185, 1876689.2856908692, 6989615.848483373, 7769100.471680966, 5752435.999687903, 9335291.885916693, 8090165.295392643, 6091580.666154159, 8119895.791784408, 1710937.7280694442, 5024257.558980842, 1883088.150992753, 4150700.8390330574, 6901565.748867642, 7422837.671024523, 8309576.450824467, 11231064.358944658, 7443015.211765853, 5419042.836493576, 7900113.721380721, 4737856.365836065, 8648649.629272923, 10578805.302883869]}, "instance": {"obj": [50345, 89591, 128836, 168082, 207327, 246573, 285818, 325064, 364309, 403555, 442800, 482045, 521291, 560536, 599782, 639027, 678273, 717518, 756764, 796009, 835255, 874500, 913746, 952991, 992237, 1031482, 1070728, 1109973, 1149219, 1188464, 1227710, 1266955, 1306201, 1345446, 1384691, 1423937, 1463182, 1502428, 1541673, 1580919, 1620164, 1659410, 1698655, 1737901, 1777146, 1816392, 1855637, 1894883, 1934128, 1973374, 2012619, 2051865, 2091110, 2130356, 2169601, 2208847, 2248092, 2287337, 2326583, 2365828, 2405074, 2444319, 2483565, 2522810, 2562056, 2601301, 2640547, 2679792, 2719038, 2758283, 2797529, 2836774, 2876020, 2915265, 2954511, 2993756, 3033002, 3072247, 3111493, 3150738, 3189984, 3229229, 3268474, 3307720, 3346965, 3386211, 3425456, 3464702, 3503947, 3543193, 3582438, 3621684, 3660929, 3700175, 3739420, 3778666, 3817911, 3857157, 3896402, 3935648, 3974893, 4014139, 4053384, 4092630, 4131875, 4171120, 4210366, 4249611, 4288857, 4328102, 4367348, 4406593, 4445839, 4485084, 4524330, 4563575, 4602821, 4642066, 4681312, 4720557, 4759803, 4799048, 4838294, 4877539, 4916785, 4956030, 4995276, 5034521], "rhs": [50345, 89591, 128836, 168082, 207327, 246573, 285818, 325064, 364309, 403555, 442800, 482045, 521291, 560536, 599782, 639027, 678273, 717518, 756764, 796009, 835255, 874500, 913746, 952991, 992237, 1031482, 1070728, 1109973, 1149219, 1188464, 1227710, 1266955, 1306201, 1345446, 1384691, 1423937, 1463182, 1502428, 1541673, 1580919, 1620164, 1659410, 1698655, 1737901, 1777146, 1816392, 1855637, 1894883, 1934128, 1973374, 2012619, 2051865, 2091110, 2130356, 2169601, 2208847, 2248092, 2287337, 2326583, 2365828, 2405074, 2444319, 2483565, 2522810, 2562056, 2601301, 2640547, 2679792, 2719038, 2758283, 2797529, 2836774, 2876020, 2915265, 2954511, 2993756, 3033002, 3072247, 3111493, 3150738, 3189984, 3229229, 3268474, 3307720, 3346965, 3386211, 3425456, 3464702, 3503947, 3543193, 3582438, 3621684, 3660929, 3700175, 3739420, 3778666, 3817911, 3857157, 3896402, 3935648, 3974893, 4014139, 4053384, 4092630, 4131875, 4171120, 4210366, 4249611, 4288857, 4328102, 4367348, 4406593, 4445839, 4485084, 4524330, 4563575, 4602821, 4642066, 4681312, 4720557, 4759803, 4799048, 4838294, 4877539, 4916785, 4956030, 4995276, 5034521], "timed_out": [false, false, false, false, false, false, false, false, false, false, false, false, false, false, false, false, false, false, false, false, false, false, false, false, false, false, false, false, false, false, false, false, false, false, false, false, false, false, false, false, false, false, false, false, false, false, false, false, false, false, false, false, false, false, false, false, false, false, false, false, false, false, false, false, false, false, false, false, false, false, false, false, false, false, false, false, false, false, false, false, false, false, false, false, false, false, false, false, false, false, false, false, false, false, false, false, false, false, false, false, false, false, false, false, false, false, false, false, false, false, false, false, false, false, false, false, false, false, false, false, false, false, false, false, false, false, false, false], "values": [], "counts": []}}