{"pulp": {"mean": [4984526.2, 4952992.68, 4962870.44, 5001397.1, 4955465.74, 5241204.5, 4997294.08, 5387674.84, 5103333.44, 6157977.8, 5327797.36, 5379579.1, 6058081.7, 6052766.18, 6715365.34, 6230857.92, 5621185.86, 5495342.6, 5566579.86, 5826722.94, 5571750.86, 12384382.44, 6926775.0, 16892030.38, 5571942.94, 35093362.24, 6330806.72, 12607735.68, 21653835.58, 24993195.16, 29730001.16, 29511304.74, 36637693.76, 36910975.58, 49826814.4, 40335476.88, 47549606.3, 58114952.98, 78553191.5, 83095048.16, 87541689.56, 94324379.34, 101018253.4, 82004957.1, 108397235.1, 105041711.46, 108305814.58, 140211170.02, 109607339.8, 207064137.46, 97861630.86, 84062586.18, 400256153.98, 459560939.72, 315301992.48, 25601083.42, 135355356.7, 123921718.8, 144737546.82, 119838279.78, 452974678.06, 289500921.5, 326685355.96, 739672672.58, 876630912.98, 665514162.54, 464249766.26, 225836453.22, 95945881.34, 347910537.66, 359200101.0, 477959885.76, 22929654.68, 1108090053.14, 4682269.64, 721729688.12, 326584675.1, 930413599.84, 1034903555.6, 668999453.54, 3754615084.82, 123141085.14, 136048068.28, 871805142.94, 960913959.88, 841229046.76, 117577091.48, 886168034.86, 86438658.86, 308872521.2, 137688349.02, 788760074.9, 1128708084.42, 82323894.88, 193201859.08, 396647649.74, 1059172564.08, 956717430.96, 168827844.96, 134639363.04], "std": [116000.22716462627, 161779.43943043603, 148990.03191956933, 196330.4501358381, 129224.15865713853, 671360.6141596835, 124455.15721061944, 145780.99038813432, 322146.8559832364, 360536.6798356843, 203906.5549665256, 309300.04739261104, 239349.6381287792, 263023.87261349417, 285624.6467238192, 294310.169257609, 240603.7763840919, 206681.06045157538, 218663.15623295002, 224182.85661581016, 256416.1102775681, 361616.5385255921, 275514.4989349703, 1047171.4843933865, 222750.13688201294, 1429208.2680663608, 675964.5599292982, 299431.98918213294, 1053211.793963125, 1210814.7362954663, 863275.4393087815, 946964.1325171248, 1245529.24950383, 967841.7335005926, 1870315.0704568687, 1065212.4871459873, 1309149.6374445178, 1652022.3104825374, 2770313.1681545647, 2185343.3544850787, 2695072.845382645, 3233743.310659497, 3284408.048813232, 2142876.3094200953, 2953012.2351689367, 4876611.458774925, 5755018.289284153, 6312895.224559934, 4937243.289864704, 69083679.73846194, 4823406.268983552, 5441461.604203702, 70825226.1414174, 27370454.619420398, 67977324.94637068, 909672.4899537284, 6891795.723673362, 70498221.91044983, 13181320.751865705, 4673910.162294427, 89913329.16686139, 6245186.551764651, 69633131.62539859, 16470941.716646327, 79153474.44864099, 26326856.938886795, 20632069.41751925, 13334904.594746277, 3597177.37715166, 13983603.770911645, 9648082.998919647, 8506648.828322077, 492508.6903106666, 180933916.0236304, 106089.45416934423, 24921267.205947433, 3850774.43539393, 211389671.23772952, 110552774.68168737, 74050342.70780768, 144530132.59949863, 70571138.90997638, 1771861.2922777003, 115029971.70929453, 141968765.4290111, 74473241.42797628, 3613371.666798387, 28504832.999839414, 1914336.3211375715, 5814543.86143377, 2857419.8770379354, 70604319.80557832, 162389524.21143416, 1555942.2106659182, 8774958.41494247, 12641815.036446296, 61813507.80471283, 40579351.72988655, 4432781.18941356, 3279659.0492633996]}, "dioph": {"mean": [3123710.32, 12742775.08, 31470506.98, 9485785.38, 453986.74, 93568.64, 6500363.4, 81146.72, 22608384.0, 250677.82, 6029265.34, 7140673.44, 250328.16, 342755.84, 472430.82, 328018.22, 411664.3, 23531.14, 453851.34, 19057.36, 22345.34, 116795.18, 104604.58, 208942.76, 274820.5, 267449.68, 119988.06, 134557.78, 259419.5, 87434.2, 202380.22, 221771.9, 139342.12, 6760.86, 89955.44, 6657.12, 10243.76, 195799.1, 15686.38, 66455.28, 15338.6, 127377.1, 43488.9, 106716.52, 16495.42, 112703.62, 62574.62, 29964.58, 6093.08, 18825.02, 7064.74, 6207.3, 10134.24, 10776.58, 6847.26, 6322.46, 6945.2, 6459.5, 6500.58, 7185.42, 6550.44, 8594.8, 6723.26, 7161.04, 5694.92, 6036.16, 5990.44, 6848.68, 12156.54, 5861.72, 6057.92, 6224.84, 6076.76, 5943.42, 6348.5, 6527.16, 6267.54, 6267.62, 9567.68, 6106.98, 10391.88, 10880.96, 6316.38, 5662.1, 6819.58, 6166.22, 6310.48, 9171.52, 6239.46, 6408.06, 6429.72, 6260.6, 6458.42, 6072.58, 6855.6, 6400.32, 6763.32, 6898.8, 6751.1, 6343.14], "std": [129159.25712498963, 445437.17564776144, 1004815.131674306, 1374469.0695163193, 108154.63630467409, 9853.296489220742, 638645.4847460925, 5143.730144316575, 526310.4352918551, 41071.54519818969, 530621.003338603, 228810.99166058522, 119990.55822912544, 94147.60328820194, 189873.77348312756, 104295.23926292032, 149240.68373921697, 11302.372142219725, 83687.8523576091, 5592.938356498473, 2729.8258269175567, 57979.71103992379, 10030.952542088546, 114362.79760527237, 42595.54376915261, 111061.47518424016, 25523.522704384373, 23205.869544534617, 97577.88208656714, 5294.616441755354, 7103.718087374945, 11110.170751732536, 3805.543623586571, 2226.029970368681, 5269.443335662231, 1673.9612391582075, 2424.588208756451, 104324.79372031231, 3046.02943886775, 5752.550653583227, 3218.68472947493, 6049.2114151266, 4708.77082730532, 6999.094726419108, 2816.5309396997072, 6746.001182529832, 7119.784968347723, 4223.625075593674, 1366.9916895079039, 2697.3494736991915, 2464.0319936466503, 1326.458384925353, 1585.474043062355, 1684.140028716891, 2405.1531735345393, 1422.4776775982484, 2035.436462245072, 1902.742459542788, 1424.7164714713003, 1638.4781900238017, 2189.3393296627555, 3899.6473833265636, 1485.8612538572656, 1648.5978452946624, 1815.217891458044, 1949.7609310280236, 1352.6698038942643, 2794.2537643513765, 2349.377461701508, 1382.9510747318723, 1414.6588806392263, 2855.236116330837, 1429.7463676884677, 1422.060779578822, 1435.7905061501906, 1512.7005498344301, 1435.769014024419, 2730.33284126343, 2495.0181173118335, 1961.2937264021648, 2153.370605561885, 2882.3019992176182, 1437.599144974931, 1380.8963851537205, 5246.6241511342605, 2025.284462660462, 2626.2436761524264, 2150.2196398488777, 1434.6321324681826, 2000.0269121658725, 2205.80604028254, 2242.770526079978, 2090.6829280678326, 1491.6366041283345, 1633.4245733227763, 1653.1925260426463, 2313.3017788433917, 2163.6936106612525, 3872.957322043111, 1490.48681281777]}}