{"pulp": {"mean": [4384872.52, 4354843.02, 4471819.04, 4445800.22, 4435099.5, 4644414.9, 4419717.54, 4880232.02, 4428304.38, 5240761.18, 4590734.88, 4537089.6, 5302029.78, 5254892.28, 5802242.84, 5215565.7, 4835571.94, 4744914.04, 4688859.1, 10896385.66, 4614912.02, 5061449.28, 14323262.16, 24107521.88, 5018715.5, 14879348.76, 18603792.26, 18302188.06, 37182316.68, 13885126.64, 42127656.92, 27726359.86, 32117326.52, 35715900.64, 42556917.04, 39630213.44, 52706563.54, 50038819.56, 57951323.06, 67716919.98, 58251905.42, 78045734.3, 109079304.34, 64735660.64, 72979923.2, 93393363.76, 106155506.06, 108722089.62, 132883467.1, 86479963.82, 215897895.24, 266760072.78, 337393760.22, 404978088.06, 29447273134.68, 52578583447.62, 50504320200.5, 97620333477.3, 125847946299.26, 154059628399.76, 116574099925.66, 115859942618.1, 124753953658.58, 135237370238.38, 139322454657.3, 146627919929.08, 159867744670.52, 724959058.54, 161711367182.12, 661601498.84, 18723544245.34, 198887046615.66, 28138916574.14, 41623271885.3, 146512109038.24, 819231309797.88, 237342305658.28, 67726043412.56, 51437094990.5, 212585738193.84, 175334530.22, 22635994149.76, 27577809996.48, 111184655179.04, 735968369509.06, 1017670310808.64, 104417147.52, 61076968534.76, 169077964320.18, 1053519549178.28, 1056644220499.36, 4359525317.44, 984389808787.26, 8877454830.8, 629345340.38, 216796137500.18, 212015477151.54, 112119104609.36, 63911206744.4, 180585606.54], "std": [119980.43702378302, 93833.35995317248, 273437.76367082965, 106032.0118357197, 95430.27968664572, 460485.69464071834, 100920.10994805217, 95753.50618922632, 103281.21455617953, 142793.12016750322, 162726.13231798075, 113590.47950871768, 130517.80261059236, 125498.49899338823, 126178.78182706327, 123012.60424589484, 683098.7898403297, 133104.60621630782, 99934.67771974341, 183709.18005687074, 142522.2897783103, 133002.67782696892, 232757.6357488674, 70663131.79488643, 111407.72353712506, 828534.1877636467, 289296.1534167133, 305637.3957636735, 4719621.444614143, 1066690.2036968402, 490166.10970937816, 384290.8072131987, 980423.4744173049, 3302011.23779358, 625459.2806576084, 2569334.3359176987, 1792757.5333351488, 1391209.5238100411, 1856351.5296260777, 1527822.297193897, 4751458.9026902, 13886909.150495267, 2464253.567515412, 1536516.2213438975, 2083758.5223551001, 61828406.98561185, 2199238.0861757966, 5154923.779240482, 6103829.381647873, 3249131.2112000263, 9446456.475252617, 14095476.596341953, 18834295.23000511, 12549071.906721575, 996161456.0812362, 2245597744.7968416, 2351957969.0535135, 7340543747.131609, 8867494458.774706, 18053759974.191277, 12092417361.080608, 3311048989.269788, 12153136844.262115, 10327070088.760542, 10011174812.131021, 10431407891.456774, 12703168326.375547, 20773864.09325934, 4080873271.711701, 26673179.033338465, 424040515.9406994, 3883299395.26617, 551501892.0871631, 931319028.8806169, 2391416511.588574, 51315873374.1452, 23185737766.326283, 1540268923.0453112, 1284842036.9009378, 10234142802.778116, 4457113.190207024, 662448956.3255223, 647489206.660203, 2853003291.0875874, 16044025580.012682, 16435765750.26406, 1856295.0833154824, 1010773024.9085469, 3182526887.3291435, 19497901870.560997, 33299654630.51293, 65284505.75023645, 26478728033.800556, 249535207.5560917, 22734043.45519714, 4463312232.091622, 3804717115.507996, 2106269374.445731, 1477058955.1025076, 5800258.237352038]}, "dioph": {"mean": [41928335.84, 128987771.4, 320729166.88, 103884325.0, 4636020.04, 757489.64, 65712381.46, 10770233.28, 235526612.28, 2555675.18, 57355045.84, 80802457.44, 1561767.58, 3026833.62, 3334171.14, 2039696.2, 2582610.36, 6396643.02, 3049615.14, 1931288.42, 3158985.8, 3995948.26, 2942454.14, 141795.08, 476182.06, 1182482.92, 1495079.76, 1684181.16, 331110.72, 55841.42, 2450506.88, 128273.2, 1483489.28, 1371055.28, 112542.38, 806982.22, 518735.94, 155812.96, 386835.26, 258124.16, 169261.68, 424777.36, 111633.54, 111337.4, 143847.56, 170095.4, 169539.32, 93947.24, 81548.66, 7147.82, 25508.32, 25648.74, 21367.7, 28956.1, 158071.12, 139764.32, 130279.32, 35508.06, 110433.44, 56907.56, 46920.36, 82568.22, 29168.1, 13686.1, 29104.34, 21691.02, 15917.24, 6996.2, 18126.86, 7521.42, 6963.46, 17690.36, 15973.48, 6873.26, 8267.3, 11773.76, 6889.06, 6532.16, 6759.24, 6180.24, 6365.04, 7121.18, 20722.6, 6181.34, 25572.56, 22332.14, 6924.52, 8266.26, 8929.38, 8453.98, 8410.22, 9295.88, 8737.26, 6584.68, 7347.26, 22443.0, 8800.36, 7668.78, 23428.74, 21073.38], "std": [70645082.43141952, 818915.5478179165, 4745742.664440571, 70578187.47623765, 95449.1083305675, 17423.76378393507, 511481.990605459, 70725560.14847241, 70437684.58607464, 54708.70932556333, 885179.8518736378, 70773743.48100996, 44219.53954988308, 57039.238540689104, 78392.31630402697, 58522.35084624872, 65486.25696913009, 120457.20745923484, 65779.88157546379, 44441.12098601327, 66949.32970721138, 80812.93628581443, 74845.12444334089, 2425.5945439064153, 18083.570949965855, 30920.83105375232, 46192.635528223174, 41958.34847986216, 11286.591177578637, 3503.8346986566307, 31212.702493120996, 8978.699719506227, 30279.91591666001, 42592.19758624955, 8124.350626207057, 195854.6758971747, 15935.946878510038, 2900.80886650603, 12949.11305891848, 9626.20530986926, 26371.82949195321, 27149.05367295779, 7802.875218920321, 8788.367353194442, 10478.44820486511, 11510.763564452824, 11567.348092605764, 5045.318276645495, 6320.395568898116, 2447.978597095312, 2791.804971259816, 3542.1472088816067, 9651.475856794426, 4586.569511928834, 4231.8302965472885, 11507.510710516548, 22864.240096745678, 3002.4920085876415, 5421.635483196289, 2512.253733773152, 3266.5627616683514, 9066.417971181521, 7383.806117830716, 4823.824256664381, 10523.03326839534, 2114.2592034052195, 1572.635167416753, 1419.9580045529083, 4637.155826977726, 1390.4091174462108, 1673.1109019440648, 4194.563895796363, 8507.241523333314, 1255.935179823532, 6447.820999598014, 1475.6681580399645, 2275.822743447265, 2215.4461324334397, 1891.5425036898607, 1262.8013976060995, 1852.5596077881441, 4767.658248136122, 6292.464343180983, 1288.245296232556, 8769.13671584749, 7659.808179539938, 3721.9695534400457, 6156.673090498252, 8886.279051620275, 6865.124392023729, 5352.319292396063, 14615.26855323792, 7622.74692790852, 1268.6204533641564, 4632.621675043369, 3130.134091148721, 6276.517517976779, 5010.255528495161, 9886.914928761724, 2963.0351709153965]}}