{"pulp": {"mean": [12768648.54, 12860004.14, 18066882.04, 20789179.6, 21683434.04, 27186277.52, 25905220.44, 35505340.1, 44754355.12, 57990439.76, 62044256.42, 62756733.32, 98504143.58, 101529264.04, 122370292.18, 104106599.04, 127405823.44, 140952383.82, 150719746.52, 63199958.94, 179304254.32, 5970841.2, 468940835.08, 104745052.96, 66183991.46, 1255934046.92, 110200838.88, 20776740.18, 381554245.44, 307378025.32, 148027732.44, 20970452.02, 142789094.68, 194614436.74, 61002849.22, 861133146.78, 233626093.06, 119202104.88, 205616837.5, 229272842.3, 281321351.96, 17312595.96, 19496877.78, 37273604.22, 58327615.26, 74494373.28, 353100959.48, 795698585.46, 77037289.56, 78256278.98, 43100804.42, 23840840.7, 21675973.84, 66360274.8, 1419230883.88, 40191256.2, 58433316.78, 87275660.08, 211130633.72, 105334564.8, 30122977.78, 27256410.2, 39478602.84, 70175217.48, 68532418.8, 34156339.4, 115985817.94, 19688865.02, 231259817.96, 60352706001.48, 91753391.18, 40742812.28, 160898331.52, 65229483.32, 55853805.2, 60454187.76, 69536647.34, 57529667.78, 57431604.56, 42928552.98, 41297078.58, 195137655.72, 33393198.8, 48777947.96, 72453291.58, 51077388.7, 221094783410.72, 305140750.8, 32732461.84, 262720251.94, 34824857.0, 237974129.34, 49318743.24, 39342531.22, 32355899.58, 175923747.22, 705439674.78, 69447953.02, 310391734.62, 113716930.64], "std": [194861.19414161018, 230670.63016025905, 311819.85928449524, 497456.26756726985, 462108.8310360543, 515851.16795618954, 470740.17608924897, 714526.721531748, 1988892.4034761067, 1476495.3932866422, 1185536.9273260953, 972464.289207965, 71981927.29152054, 1952900.7124341456, 2435150.709272968, 4617951.943461786, 2673733.27646254, 2392404.0409277733, 2722857.2671803543, 1292303.0552897572, 70904226.66423602, 177952.4903104013, 70236639.73400259, 2727366.866949737, 1956650.2204514171, 108800197.83915405, 2141116.6184979244, 348676.6456820259, 70815800.0582159, 7940001.3368852, 7054372.749953378, 855521.7606235555, 1681486.0947940706, 17307051.794804968, 15947354.5264016, 72846680.66121343, 5929806.76762005, 1545868.227733009, 4790844.211210917, 7634463.214020678, 9628409.745246714, 883175.0671904497, 583884.6217809623, 501913.07369935926, 1687498.555866639, 1821579.2892028545, 15071800.968923999, 73641976.58812048, 2364639.0804530755, 2396491.157924925, 1033040.2662934669, 478722.5286894981, 329317.9796045005, 1328143.759418953, 136240605.36775005, 946308.9837589291, 1198217.777642777, 70849003.89333205, 72030585.54728448, 3283597.5297427634, 635784.1505079807, 897680.5450743714, 493900.28864813247, 1041710.9011928453, 912690.2231677738, 915543.7860446097, 4511814.291540905, 271791.01237445325, 5893908.5877477545, 1345295847.9148433, 1307127.0577288205, 789257.3071835666, 2269725.1352226776, 640166.8324570872, 1239925.4462364472, 1146636.7689879676, 887403.4032481692, 1315024.684991313, 907931.6011871666, 503431.06902212015, 662243.4314374778, 3403419.5488092233, 801278.5252611056, 3649069.508825386, 1493900.6069884477, 1106619.9612353006, 4355892250.84464, 3353142.9540294013, 570579.8190730935, 3922825.0621788874, 1121081.9379460074, 6606462.386775492, 1491817.5612349254, 1064106.2953754405, 433285.2253763946, 4388024.401215763, 98510213.09465222, 882531.8422782953, 69989990.98289414, 2712958.9488461786]}, "dioph": {"mean": [36421695.98, 157162563.44, 3605753.3, 137630274.18, 8420622.9, 1982890.54, 135236023.62, 2132512.14, 295138.1, 1298163.36, 3934015.26, 243200.56, 1120745.46, 603822.46, 1111184.76, 895819.94, 582315.12, 650714.9, 1713389.28, 396079.74, 1069411.58, 92852.5, 1338407.94, 436126.7, 317408.14, 1653196.7, 843951.12, 274493.36, 895620.82, 1058839.68, 392038.74, 204144.16, 1077351.68, 775514.26, 805063.28, 1166777.64, 668148.14, 383727.62, 313283.64, 1066665.06, 661246.16, 255544.46, 294230.86, 161045.2, 560612.24, 999309.0, 773510.96, 395417.76, 1050288.16, 1993547.62, 1206420.2, 494562.0, 419947.48, 345243.24, 940049.46, 353216.44, 658175.6, 1018943.26, 833517.24, 342362.3, 191603.02, 879541.52, 261766.86, 875545.18, 682430.64, 1125098.62, 750879.14, 593065.58, 804449.44, 1287944.32, 663322.08, 317576.86, 309322.34, 205318.84, 320488.38, 806273.48, 403267.4, 250109.46, 62922.66, 189774.24, 242139.64, 108520.44, 1709324.76, 656646.54, 759540.4, 1082406.1, 1231892.5, 1275160.34, 246277.02, 1253299.36, 1230648.5, 1325779.32, 1025153.26, 339501.86, 1069012.94, 952569.88, 583195.82, 778669.66, 204599.76, 1281820.82], "std": [486418.2980927932, 1168124.7277941555, 619287.283369449, 1254672.4481380477, 879036.8399781116, 91201.50613914986, 1224805.6741383697, 66246.91901099542, 10368.376099900099, 57857.28463466226, 130534.10009958535, 14443.678316573416, 58747.347863788535, 32872.440633957514, 50749.924799606495, 41274.60389278776, 35034.697895634374, 34489.283115874394, 79194.49100223875, 17385.26097402918, 48023.861456440034, 9240.75391669855, 75038.0930291096, 18083.697220232956, 17289.33967295856, 74224.00751317815, 47918.34430917083, 10072.565852221913, 11769.795250226101, 39109.51651423401, 11197.695017570832, 5615.388864212925, 13206.17954678948, 3930.6363498413175, 8112.192308029253, 8847.413729700324, 11592.001934849348, 10592.987591702315, 10620.379794046723, 19543.228148535603, 23176.835341859627, 13134.218171941688, 4577.985868551044, 16144.739330221975, 18186.866296762797, 27124.018134397087, 23135.376429377146, 25788.873442060478, 41573.333906930566, 21019.681757324102, 45070.29239727107, 18297.45720596394, 90890.82094160205, 151051.43357939442, 21891.20396667603, 13878.927502468461, 21401.2229070763, 28819.676183801643, 26032.301876753983, 135095.89832929036, 5831.013775721427, 20813.44995109986, 16015.159183532254, 26383.008445596348, 18380.088195431403, 32279.44751688774, 22697.188337073192, 15639.894277906153, 28049.511288376038, 25402.354762646453, 7137.373826298194, 5249.084063968899, 5792.670148857898, 7151.683413529079, 6319.075697361093, 12024.911706986308, 6537.6573099269135, 6413.779987094751, 3196.722662352804, 5362.60474160588, 12212.021734641112, 7219.0496213214965, 1225472.0204779997, 17619.30910782664, 29786.249190811905, 29973.70957563461, 19872.920409492934, 14505.515941143753, 7762.815990452989, 13356.371074356925, 16255.329877882377, 19317.372375334773, 60059.66141817413, 155742.46005688954, 38387.663961018545, 43475.410471423675, 30528.89083373923, 32245.277310024925, 99138.57671360008, 47563.05634980038]}}