{"pulp": {"mean": [16238205.42, 16084867.84, 21680203.64, 23161170.62, 24947063.14, 30985728.48, 29916786.3, 42389470.18, 48507327.86, 63908924.06, 66947601.0, 66722206.84, 92249515.34, 105650363.94, 126339932.62, 106177861.18, 131150453.52, 145204086.5, 155168207.52, 76936335.9, 180392531.18, 7954622.08, 464597754.52, 109823246.44, 70142244.2, 1302521003.24, 115649213.6, 24277623.54, 386539028.52, 328883561.74, 173365814.94, 25363803.08, 158021199.52, 219520846.0, 67774152.74, 959890600.88, 265541790.74, 131116179.48, 260804681.56, 263859764.46, 336949836.5, 19924144.92, 24032703.26, 43216397.14, 67076451.16, 87661215.34, 398954603.02, 881586553.06, 89531042.5, 99723717.62, 50740993.02, 28053926.08, 25874545.8, 77332045.44, 1446778919.46, 47291673.16, 67605643.3, 88139542.28, 228926075.06, 117720120.8, 33995332.48, 31103639.8, 44547672.26, 80964876.26, 77933985.02, 39198870.6, 132474523.88, 23356462.28, 261542832.68, 66797913616.02, 91131135.72, 47695133.88, 177419515.54, 67284523.1, 56841808.8, 60986922.56, 70412375.6, 58057055.82, 57997650.98, 45641434.66, 44552625.86, 216790661.16, 35082040.98, 50339836.58, 76750674.26, 54405866.66, 189206131786.74, 298459890.58, 34068812.5, 277978119.08, 35421895.56, 234472206.66, 49902086.54, 42669863.42, 36030400.32, 180050344.54, 690736436.7, 77597509.16, 298389768.14, 110720146.02], "std": [737114.5773274436, 818587.057028977, 1205973.2278858847, 1026039.1335680612, 481559.90821754484, 870259.971274201, 1976263.9464484623, 7578019.454438636, 1035059.992039878, 9083384.362866439, 1320198.0257827742, 1800001.9435971861, 1350351.7370377851, 2052227.0006653888, 2417090.7356503545, 1825035.313722323, 2402153.4159104945, 3624791.2891542404, 6077226.820606345, 10358425.57850503, 22459907.92707771, 566875.2643162209, 14295293.630166119, 2149819.031117424, 1121660.6524218037, 143906140.64982557, 3479336.7221786245, 2283025.3313668473, 31332899.22451546, 41810847.27291219, 6505771.381194946, 1262391.4832944334, 3678918.627759412, 9647888.185662698, 2923680.3125025015, 56063234.56553045, 11068406.263349975, 3335046.592012687, 37697700.70766125, 16040011.7528223, 17022863.345480766, 690545.498655831, 2608379.266819054, 1711005.939696593, 2352409.495970239, 3818830.8984486316, 16418162.281193297, 22911078.183360953, 5526466.5011484595, 11946586.735891357, 2526643.2416888173, 1158269.927363429, 1490901.8615694684, 2180265.9679125105, 58418222.89964491, 1592165.4148657375, 1988823.7717412757, 1525414.1959265645, 7248359.138631492, 2509019.9770364687, 1004094.8745663316, 1374515.3244163513, 1004739.3921785381, 4410473.8462678185, 2699558.6965765464, 2780348.238262808, 4724188.437972253, 1777554.1548059224, 4390731.67229451, 3489780823.5283093, 1395484.0737363352, 4868285.945788471, 26309875.08196652, 9094693.38803282, 3217928.4918130366, 1084635.9812722302, 1042007.3328084263, 1243017.956120353, 1264992.3355805804, 3850991.339310303, 5034493.264835223, 23973335.81214524, 1123875.4757141985, 1278140.2640878882, 1226469.1107467946, 1950005.1555185288, 1147949472.237895, 25308215.36930076, 802860.5815020222, 31572776.557565223, 1070759.8186336341, 25779034.990231093, 693710.8513997777, 1189465.5853209635, 929491.5063575536, 6235252.093156408, 66143920.78245339, 12611577.730391283, 25190379.806475278, 2994275.949272194]}, "dioph": {"mean": [36225626.62, 141091204.86, 3388486.4, 129034896.54, 9596686.74, 2265522.06, 144667915.76, 2471322.54, 407492.56, 1543844.9, 4513103.14, 406048.56, 1326685.92, 772038.5, 1335204.72, 1020520.26, 711503.28, 1004571.26, 2454397.88, 570440.48, 1244030.58, 144281.94, 1523500.4, 526384.5, 373754.96, 1946088.66, 961946.06, 325677.34, 1169881.94, 1421326.16, 575956.06, 333503.92, 1338888.46, 1016921.82, 1086063.24, 1400621.66, 828917.4, 478042.3, 449849.24, 1288035.2, 983233.84, 385737.48, 348530.76, 184292.5, 719403.3, 1159466.0, 1096622.9, 516033.1, 1325271.42, 793762.96, 1362012.38, 661921.78, 459718.12, 441962.52, 1149581.86, 450292.02, 881550.7, 1201191.44, 986100.04, 419487.12, 219726.24, 1073450.74, 312296.98, 1034802.4, 836490.86, 1376143.32, 1041374.22, 753876.72, 1025519.1, 1769632.58, 972864.86, 660291.96, 417198.52, 229091.44, 384543.22, 958527.14, 453908.4, 280915.44, 138397.18, 258661.56, 336427.38, 258282.66, 1557244.38, 875404.24, 940361.08, 1391045.88, 1346827.08, 1514875.02, 346426.4, 1277085.48, 1300706.72, 1469833.54, 1258821.76, 440308.78, 1311346.6, 1811887.5, 855718.34, 865401.24, 228398.7, 1708177.06], "std": [6783174.178597937, 1552642.5975042076, 234111.63982081675, 2502662.6955630328, 479317.981504282, 132692.7685085578, 18358920.769859843, 188016.5724570533, 191525.13415930874, 255418.90487143758, 402710.2988033027, 185964.05173758607, 216062.41741170394, 202403.43768126538, 259471.7418741897, 159970.50393167956, 183526.96625614807, 290718.44510641956, 702627.0033930432, 84414.8629345253, 64093.749363196446, 66511.33098168694, 106004.99283100793, 71175.36550138048, 26695.944648808458, 355589.56245727395, 122521.23037243757, 35204.67203607719, 286747.2359504817, 206431.77592770875, 225171.70026044568, 89397.42771577687, 160495.31835364277, 235522.16368079948, 313235.65396239195, 159863.71550379388, 136154.21226128037, 36599.628058358794, 145357.31506701768, 112282.00383691347, 270450.4288465448, 135832.66468564045, 41101.703986505054, 10335.511889123058, 139609.48590823342, 75480.24960402366, 85465.70381445413, 102798.82560538781, 274865.3914755804, 207445.90507052428, 115270.34432467964, 190054.60639503325, 107975.8857482918, 154021.16643411087, 75561.78834840115, 145729.99530295606, 138137.15926264395, 88999.62241427814, 146237.08349352516, 145277.0680068922, 6553.842653974935, 187638.2226165184, 35468.103099677995, 93356.43779906457, 150198.09955861897, 270593.58346635057, 256873.03279010692, 212154.39762982784, 189650.57443358772, 517276.8702557611, 283928.9386596734, 129845.21831639015, 87873.8983198547, 38311.129912731674, 109586.91912429464, 55098.25118785161, 36642.43252942508, 25234.98306664535, 54118.86746808513, 110130.92944293948, 88372.84283402305, 111275.08043135486, 451226.386704053, 279445.42292464385, 115861.4615342419, 369563.54291176435, 288215.08500939544, 285356.6098620797, 120582.06427210661, 229946.54043638677, 88884.93496835198, 359321.6730792307, 299832.0310116207, 93880.38202366773, 185588.69474651277, 866081.7131755125, 271598.05939920235, 161955.24390153761, 94520.55492449614, 502250.7888370157]}}