{"pulp": {"mean": [13343260.4, 14914348.46, 18426327.28, 21562502.36, 22179785.06, 27670396.16, 27870495.08, 36391886.54, 43877024.32, 57789487.18, 60884240.0, 70249756.94, 86818153.12, 98912668.28, 123863612.98, 100317510.84, 118379260.86, 145828484.86, 152041333.16, 150309395.4, 172854849.8, 196697609.42, 451987025.64, 621586827.08, 751908778.9, 1083806012.76, 1461387261.22, 2003437497.48, 358700713.6, 3154892451.48, 4117815519.8, 198943894.64, 5946135096.72, 5120304450.48, 8911949859.94, 127815844.8, 297972267.74, 20127471085.02, 223243435.72, 45636941.48, 4291589831.94, 5095556490.28, 5888379760.92, 85323748.38, 13146468128.34, 837993440.54, 1010493895.0, 413547841.72, 5082624259.58, 3704953137.12, 1733216708.04, 7770535122.8, 15422153257.4, 22662640505.06, 45998783874.08, 2714756295.92, 546086337.54, 798375629.64, 113577896557.1, 111056181675.7, 337872128.84, 118816854064.72, 110307726962.84, 375027298.24, 123384223959.02, 8945639639.76, 66220873.24, 876108377.72, 210835675624.74, 82219354.62, 225972053452.68, 217782549585.36, 244926255633.12, 114432432013.48, 790348804.56, 3005937314.22, 117986640707.08, 370874830470.86, 145625907650.34, 76643877766.26, 756384184.12, 645228777904.08, 158636588621.4, 275379742.88, 127254815850.8, 209710891354.2, 250623844.38, 2894165142.96, 232950539724.82, 300980077.0, 770928166.5, 13963140664.56, 425467190746.4, 411354220.14, 427306090180.36, 14790973801.26, 58101055.28, 240920695975.28, 93735910279.96, 756341645.1], "std": [2412002.5892166104, 320370.11104927195, 673816.8493196219, 631268.2042626333, 687682.3712672675, 730497.7759316424, 2221687.9625687795, 599578.1835296059, 716522.5930934807, 1870249.9308329572, 907073.2177653487, 39195400.780762196, 1505176.2994274755, 4105884.3454271923, 1969308.0824480262, 4150717.5270710615, 3802254.9288048074, 70784501.30310717, 70854677.80380435, 3282183.529831466, 2435335.430602285, 70507072.61793527, 69584628.41510054, 30768419.106909078, 72726411.8391131, 149948123.64117497, 103093126.67402215, 79017432.7821005, 69771943.5063639, 71779348.1725497, 110782991.57870828, 5187993.538847431, 113396859.23106356, 177246577.07077244, 216499537.3220053, 16173615.623501536, 10212236.755589224, 387214102.11293244, 72765555.76299198, 607994.8237865805, 274233308.128464, 234155905.716046, 245138805.40251544, 69058703.8124684, 307350964.9762182, 127470719.02973093, 112977164.66284901, 13830062.684815198, 261525032.66446987, 222226289.42581186, 183924774.54791838, 334319142.1476816, 517961571.41836685, 835052536.7460996, 2276767626.162166, 152411395.8071072, 30832933.337249923, 59493597.218983024, 7305870894.23752, 3145616111.610044, 10918571.363324767, 5421592382.568576, 2993069284.642424, 12607508.196745627, 3257003812.183154, 441065464.16619873, 1217927.3260375774, 82305260.48846893, 4570535860.725083, 70557525.10507816, 9934227852.563305, 9161678076.927588, 7980789730.586202, 3944854778.664434, 39296509.231919825, 114257188.46144629, 2964416683.9056463, 7607226501.467612, 3200279335.7218523, 1651072478.4069052, 65810076.35682938, 15340941108.204044, 3707295957.916316, 71360071.90632203, 5332326558.217751, 5192571762.577337, 6451712.662703763, 51229052.37627964, 8049915934.319902, 76473193.10374962, 77577983.68135205, 301002977.1856257, 20820198888.068256, 21784445.556512177, 23276270413.386997, 319964006.7177975, 879363.5775432334, 7782821637.80014, 1774712826.6738193, 12787886.56803569]}, "dioph": {"mean": [400252843.76, 1713148253.8, 33867390.36, 1453179480.38, 83390389.1, 16195635.84, 1439923638.1, 20628676.3, 1310233.74, 14606586.08, 21391555.24, 8012132.66, 78272406.66, 22898689.48, 6635018.82, 11362620.5, 2121422.2, 7370368.88, 2583903.16, 12782871.86, 6387225.52, 3345214.74, 3045490.5, 3251062.08, 3655857.06, 7211007.84, 4441903.44, 2760410.66, 932343.46, 5564202.7, 3746217.96, 840537.48, 2772009.8, 521873.16, 6667703.58, 2344219.46, 541651.78, 8893451.96, 2584018.84, 2715669.78, 1268329.92, 1573498.28, 1764155.94, 1655540.12, 3636079.9, 3843430.66, 1218555.86, 2105420.74, 4455770.86, 2837820.3, 4301936.42, 3901792.6, 5538281.24, 4973672.44, 2292750.64, 4129118.14, 3916965.02, 2548550.44, 1506943.72, 5206304.6, 2685700.9, 1189537.88, 5205137.94, 1368109.42, 2661454.3, 2138677.26, 3356422.48, 1517681.98, 4613711.36, 3700929.6, 3335165.82, 5626132.82, 2288340.5, 3280176.84, 929232.9, 6211093.86, 6244246.26, 5712828.6, 5556309.6, 4698196.9, 5529097.96, 1469575.38, 2341580.78, 2150173.7, 5208932.2, 2201668.02, 2766523.92, 6201336.98, 2976440.68, 794067.66, 2838156.22, 4989016.5, 4845573.94, 3485866.18, 2615087.1, 3174164.76, 2329162.0, 923626.8, 2507529.54, 3770400.18], "std": [100451744.59498641, 203330480.55819425, 478567.43342902814, 8560222.237062223, 420035.45903301, 221728.74665656738, 164489241.7148649, 300868.90457054484, 102184.69573034138, 297095.35973961256, 358230.3693768293, 266660.6369457453, 70647011.99577624, 134746.67629557205, 311993.06321492506, 384239.1994218934, 311190.52764674765, 195030.75016181212, 460895.90399043204, 256322.39420714305, 260277.30236597228, 358939.6734206727, 44039.50905778833, 57924.155228120755, 415058.74978125194, 106445.01700060737, 53290.56447445955, 57817.34180867205, 25400.914458237403, 79833.545808112, 78846.12161542434, 33098.9137377957, 38029.71966281967, 34340.43962632074, 89501.08893080347, 40889.85215320071, 43311.736322585166, 70392.94887983006, 50906.324971424976, 13380.616596466421, 24801.805220538907, 25937.733447026163, 27856.21501415248, 146136.17939311935, 47587.87547446796, 58848.926700323085, 28371.43682348463, 47997.598242127206, 82005.68340085474, 45802.852581270876, 49206.07608867517, 46724.15312387006, 29774.436491564436, 75233.60543169142, 69219.43483920966, 70150.90602583338, 53997.35052815848, 38420.413785849814, 34021.773077671474, 2390695.290130049, 111008.83602103437, 14277.45716175378, 71571.53333109242, 17938.970059041396, 33299.17309278513, 30700.717948003385, 109887.17180933677, 20154.732005761864, 78642.28117675683, 36759.732275678936, 51993.897903225334, 101120.54873827675, 57475.87157793135, 40161.992250446165, 26546.292370544877, 103559.66574011568, 221593.97663135696, 55960.02996126169, 59865.14349940273, 94899.5659499009, 189014.81771521707, 114261.53704976624, 64573.11195381241, 81939.92412170902, 62569.15465046232, 50444.683351855616, 92206.01852237506, 106384.4012294978, 54059.26567201548, 12918.281241286692, 37381.159986964296, 159620.9260551513, 120863.32286772932, 59755.34796993283, 40180.72632507038, 65527.10249920429, 50079.455889249286, 29716.525181406105, 71513.731291216, 138128.0768857317]}}