{"solver": "dioph", "time": {"mu": [30784.8, 30321.8, 30301.75, 29605.5, 29725.75, 25708.55, 29956.55, 29563.75, 30319.85, 29996.2, 30550.7, 29833.4, 30166.6, 30232.45, 29692.95, 29836.8, 30523.15, 30502.25, 30319.1, 29722.4, 29958.05, 30699.7, 30757.3, 29868.0, 31101.5, 29789.4, 29359.9, 29903.25, 29842.35, 29916.5, 30090.5, 29723.6, 27983.2, 24448.2, 25902.7, 30254.0, 29867.0, 29707.45, 30470.0, 29552.95, 29243.3, 30100.4, 29656.4, 30057.05, 29710.3, 29356.0, 30312.4, 30865.85, 30365.7, 29968.4, 29920.05, 29867.4, 28799.95, 29912.95, 31656.45, 30975.5, 31290.65, 30437.75, 30715.8, 30638.2, 32838.75, 32672.55, 29946.55, 29627.0, 29892.15, 32127.45, 29814.2, 30650.4, 31861.95, 37326.0, 29792.75, 29694.65, 29823.75, 31139.85, 29930.4, 29926.05, 30115.2, 29834.45, 29986.5, 29907.7, 29962.95, 30701.9, 30046.65, 29555.7, 30129.45, 24663.8, 26702.95, 25501.85, 27008.15, 25290.35, 25015.3, 25286.0, 24766.1, 25009.3, 24524.95, 25581.5, 24414.5, 25759.05, 25896.65, 24738.1, 25272.2, 25689.05, 25399.95, 25338.45, 25517.6, 27166.35, 25349.75, 26876.85, 25209.05, 26056.05, 26168.65, 24864.2, 25606.95, 24441.1, 25345.85, 24602.75, 27343.45, 25466.75, 25002.7, 25339.05, 25198.35, 25309.1, 24754.35, 25837.0, 27076.2, 25001.05, 26832.55, 25118.7], "sigma": [3531.6369337148667, 3838.8002868220774, 2027.3210706950713, 1961.916530763786, 2555.545093259794, 7741.559474849469, 2375.5911502524787, 1950.1083067088189, 3200.2564416160876, 2195.623316365633, 2228.716555376777, 1837.1330467821178, 2757.5232098083197, 2641.7794735446987, 1721.743867344049, 1181.6370268224903, 2239.477600621228, 2185.9384321035595, 2282.808932226399, 1676.5539343357975, 1925.6865481118539, 2252.381548962179, 2638.2159861303403, 2259.870932504542, 6281.177617545765, 2224.48980312577, 2048.008837871556, 2114.049914139608, 2390.268103768851, 2838.0341138856925, 2766.7604940758692, 1848.7776160707406, 3790.9834524621847, 1559.9369622891143, 2709.6328378194476, 2196.1655100124904, 2256.784111587945, 2394.165704044115, 3101.563256098277, 1546.6338822712612, 1786.626315006494, 2264.6602022332063, 1502.6685876168858, 3003.586986728053, 1517.4719662718824, 1957.2399471005888, 2550.874450685077, 2534.818259342223, 2520.066312828421, 2468.660757747428, 1923.6296140643249, 2057.957786892525, 1612.062930566069, 2508.877993614298, 7591.39274008469, 4737.166424862241, 6374.665310306185, 1868.5138162665396, 2740.236171150985, 2776.8914198964885, 7322.61500511654, 6511.914331479363, 2634.32830697834, 2494.602552459378, 2736.588892360245, 7492.658705096118, 2117.7926343495633, 5542.629960967133, 6009.001558845739, 9686.9639206513, 2227.189824230951, 1810.8915302166847, 6634.392709089586, 6451.097387470722, 2490.9057409958964, 3600.3736863801996, 3296.2610014186807, 2243.4714283894946, 2225.739061170705, 2068.5427899089277, 2436.1993798581125, 2179.0039226070344, 2360.7130786001258, 1729.5477991294963, 2153.022049291842, 4803.50680670958, 3250.2879949321414, 3970.725232379172, 4055.704653876276, 3708.202760524011, 4309.458838904315, 3379.892819851572, 3759.9917819059124, 3392.1042700582434, 3242.7358084932252, 3449.4067605894206, 3135.382651036561, 3851.4560674469185, 3374.8874644006164, 4175.4975864843755, 3400.6631953813144, 5038.90551477621, 3139.607844687144, 4144.207301193216, 4452.433709427026, 3376.271117746073, 5258.103439103856, 3277.0699569328053, 4055.7923033477364, 4359.63718281573, 3434.65222747285, 5035.899298771613, 3248.8316519375976, 3728.003895130109, 3014.2776960571114, 3647.2741786449956, 3429.1098657016855, 3522.0103241876236, 3891.1811100974146, 3415.6291779961925, 4303.800575929189, 3121.117797402584, 3435.1566006592234, 3819.989198110933, 3251.1580220300775, 4825.007319056353, 3019.548789489129, 4200.846332022055]}, "instance": {"obj": [999.99999, 1074.99999, 1155.99999, 1242.99999, 1335.99999, 1437.0000000000002, 1545.0000000000002, 1661.0000000000002, 1786.0000000000002, 1919.9999900000003, 2064.9999900000003, 2219.9999900000003, 2386.9999900000003, 2566.9999900000003, 2760.0, 2967.0000000000005, 3191.0000000000005, 3431.0000000000005, 3688.9999900000003, 3965.9999900000003, 4264.99999, 4584.99999, 4929.99999, 5300.99999, 5700.000000000001, 6129.000000000001, 6590.000000000001, 7085.000000000001, 7617.99999, 8190.99999, 8807.99999, 9469.99999, 10181.99999, 10948.0, 11772.000000000002, 12657.000000000002, 13610.000000000002, 14632.999990000002, 15733.999990000002, 16916.99999, 18189.99999, 19557.99999, 21028.99999, 22611.000000000004, 24312.000000000004, 26141.000000000004, 28107.000000000004, 30220.999990000004, 32493.999990000004, 34937.999990000004, 37565.999990000004, 40391.999990000004, 43430.0, 46697.00000000001, 50209.00000000001, 53986.00000000001, 58046.00000000001, 62412.999990000004, 67106.99999000001, 72154.99999000001, 77581.99999000001, 83417.99999000001, 89692.00000000001, 96438.00000000001, 103692.00000000001, 111492.00000000001, 119877.99999000001, 128894.99999000001, 138589.99999, 149013.99999, 160221.99999, 172274.0, 185232.00000000003, 199164.00000000003, 214145.00000000003, 230252.00000000003, 247570.99999, 266192.99999000004, 286214.99999000004, 307742.99999000004, 330890.99999000004, 355779.0, 382540.00000000006, 411313.00000000006, 442251.00000000006, 475515.99999000004, 511282.99999000004, 549739.99999, 591088.99999, 635548.99999, 683352.99999, 734753.0000000001, 790019.0000000001, 849442.0000000001, 913334.0000000001, 982031.99999, 1055897.9999900002, 1135318.9999900002, 1220713.9999900002, 1312532.9999900002, 1411257.0, 1517407.0000000002, 1631542.0000000002, 1754262.0000000002, 1886211.9999900002, 2028086.9999900002, 2180632.9999900004, 2344652.9999900004, 2521010.9999900004, 2710632.9999900004, 2914519.0000000005, 3133740.0000000005, 3369450.0000000005, 3622889.0000000005, 3895391.9999900004, 4188390.9999900004, 4503427.99999, 4842161.99999, 5206373.99999, 5597981.0, 6019044.000000001, 6471778.000000001, 6958564.000000001, 7481965.99999, 8044735.99999, 8649835.999990001, 9300448.999990001, 9999999.999990001], "rhs": [1000, 1075, 1156, 1243, 1336, 1437, 1545, 1661, 1786, 1920, 2065, 2220, 2387, 2567, 2760, 2967, 3191, 3431, 3689, 3966, 4265, 4585, 4930, 5301, 5700, 6129, 6590, 7085, 7618, 8191, 8808, 9470, 10182, 10948, 11772, 12657, 13610, 14633, 15734, 16917, 18190, 19558, 21029, 22611, 24312, 26141, 28107, 30221, 32494, 34938, 37566, 40392, 43430, 46697, 50209, 53986, 58046, 62413, 67107, 72155, 77582, 83418, 89692, 96438, 103692, 111492, 119878, 128895, 138590, 149014, 160222, 172274, 185232, 199164, 214145, 230252, 247571, 266193, 286215, 307743, 330891, 355779, 382540, 411313, 442251, 475516, 511283, 549740, 591089, 635549, 683353, 734753, 790019, 849442, 913334, 982032, 1055898, 1135319, 1220714, 1312533, 1411257, 1517407, 1631542, 1754262, 1886212, 2028087, 2180633, 2344653, 2521011, 2710633, 2914519, 3133740, 3369450, 3622889, 3895392, 4188391, 4503428, 4842162, 5206374, 5597981, 6019044, 6471778, 6958564, 7481966, 8044736, 8649836, 9300449, 10000000], "timed_out": [false, false, false, false, false, false, false, false, false, false, false, false, false, false, false, false, false, false, false, false, false, false, false, false, false, false, false, false, false, false, false, false, false, false, false, false, false, false, false, false, false, false, false, false, false, false, false, false, false, false, false, false, false, false, false, false, false, false, false, false, false, false, false, false, false, false, false, false, false, false, false, false, false, false, false, false, false, false, false, false, false, false, false, false, false, false, false, false, false, false, false, false, false, false, false, false, false, false, false, false, false, false, false, false, false, false, false, false, false, false, false, false, false, false, false, false, false, false, false, false, false, false, false, false, false, false, false, false]}}