{"solver": "bb_full", "time": {"mu": [2538009160.1, 1958943043.85, 3973237569.1, 19656351279.8, 13860676786.9, 3493976718.35, 23060915169.45, 3777721087.15, 128760994.65, 2022735940.3, 656672613.3, 6734160114.25, 8420345017.3, 486617151.45, 1566767347.0, 685304827.15, 249551599.25, 26292409551.0, 5263527004.95, 28255918525.35, 321781119.8, 13455812871.35, 9516356529.5, 3108609373.25, 164997624.7, 2472134452.25, 86939498.15, 11957348561.35, 42697199550.1, 29715574405.35, 244759398.35, 71637392281.9, 529078320.65, 2832029309.7, 10366524516.55, 72404041.2, 573754223.85, 17099223380.0, 1102377444.55, 829511678.85, 2334176659.45, 2490746653.15, 11889976832.6, 392602654.05, 190836063.4, 4270220414.0, 267016516.05, 2263908143.05, 5787756125.05, 2650435860.95, 53507381.1, 221674922.75, 8422656667.4, 22316624736.15, 13165382463.9, 3169256011.05, 190821986.5, 3705628970.65, 10004755357.5, 4602154346.75, 1512678751.9, 33861419.7, 12499681012.0, 8509427977.9, 14172213725.75, 16697352888.0, 4964794731.7, 2218495559.25, 1054852516.5, 541249897.5, 14522163.25, 11131404849.3, 6236303654.65, 1276011998.35, 2135945756.4, 1564278842.1, 18430736350.85, 1414709463.35, 936288246.15, 1543229989.2, 509266177.75, 2662552627.95, 34372902588.35, 27693808052.65, 1557070428.8, 541095490.3, 10109973045.1, 3376007942.45, 33739656356.45, 3604785442.15, 223874627.05, 697441529.85, 1752724073.5, 1857505952.4, 11455832581.5, 35285701827.85, 2593515921.05, 2061089568.45, 22090509938.65, 1108556148.95, 16458408444.3, 1702213144.85, 280625196.8, 2395514258.5, 917459631.35, 10697601358.7, 52216406878.95, 143441864.8, 10919303357.4, 10177591576.85, 135242634780.65, 132973461.25, 7191184195.2, 9370627243.75, 2397580120.45, 2487283375.2, 3848952562.25, 2550684792.7, 13882911555.55, 201606601.3, 21475127708.25, 6194900520.5, 3085004459.6, 10433962357.1, 17241509797.65, 1846790341.3, 386163704.8, 155085218.25], "sigma": [212461496.4867124, 111950568.45657508, 134311368.57306045, 1980597873.7269757, 851707386.4162716, 431756591.48214346, 2421962171.06403, 496067175.9632307, 25356574.28562701, 408642231.43560106, 75294136.49578007, 776439915.812077, 1055425316.5553958, 102768011.91404161, 370366376.5415331, 126378433.12453112, 33886367.63302825, 1484118168.9582539, 502531680.8466543, 1802424637.7705235, 57272452.97808062, 1179053347.1840167, 1327444554.239951, 653362758.3233349, 31429615.87465504, 425091974.6333295, 5923959.374263665, 999854722.0020722, 2700497353.2351394, 1678849409.435804, 46164682.69698416, 2675094899.630654, 89443437.6473313, 324015608.8225684, 1259536397.9192004, 6833755.241526892, 95690674.85514964, 1836624081.1028764, 163624906.40153977, 89703867.70765506, 451524469.08185107, 259289306.47209185, 1397039882.2198393, 58469412.07103397, 13133602.54965898, 900500177.945889, 16916705.437737793, 306675428.1080729, 579589254.0975162, 460897851.80974185, 6227207.163643011, 34921263.833838105, 1023564718.1059626, 2064440011.5617864, 1690658285.6907668, 298057404.8972884, 24602060.519314665, 514073645.1786412, 1325465760.6396306, 825805877.9119215, 299491057.08040637, 3740926.436273255, 1172160924.6400876, 1073100887.8818111, 1210376117.189955, 1207899807.6404252, 554717193.7294363, 357946220.78665173, 209423002.45662582, 137692986.54474512, 551670.1992582807, 1881804598.097077, 1145785533.6546748, 80113840.80518425, 251335765.6594151, 342763045.0255185, 1069913063.9676969, 194034562.60532275, 154875347.6213325, 190685627.21166193, 53912992.61969856, 290586353.44087476, 2246319489.305455, 2586655643.081913, 353472707.1799122, 133984161.12296441, 748077235.3661641, 445308248.4346505, 3861753400.692071, 331876298.121021, 38184297.83618765, 113639538.07802501, 370823700.5312819, 394319019.17580867, 1042710981.6894816, 2339233424.4477825, 302330135.5651485, 344816252.64418375, 1304841524.5929723, 206270729.83098468, 1217467591.3425946, 310768405.99042624, 11024271.985565776, 357380464.1392471, 91852852.21884233, 1143250189.8438811, 1151407225.6809895, 16293144.424552916, 1630696495.3578153, 1258339919.6743228, 3095310986.4116335, 16846184.856176257, 1011783490.5826039, 1429439070.8111718, 308298467.7604536, 472057161.047668, 746408738.8402992, 305059273.0739254, 802565000.7178563, 29397359.67569823, 2029817954.1093967, 854609564.3225818, 586464794.8400744, 940429952.8202178, 1334257558.0714226, 293291490.52003443, 86864063.5434656, 20393766.271847937]}, "instance": {"obj": [999.9999999999956, 1074.999999999977, 1156.0000000000014, 1243.0000000000248, 1335.9999999999577, 1437.0, 1545.0, 1661.0, 1785.9999999999995, 1919.9999999999995, 2064.9999999999986, 2219.9999999999764, 2387.0000000000073, 2567.0, 2760.0, 2966.9999999999854, 3191.0, 3431.0000000000077, 3689.0, 3966.0000000000327, 4265.0, 4584.999999999974, 4929.9999999999745, 5300.999999999991, 5700.0, 6129.0, 6590.0, 7085.0, 7618.0, 8191.0, 8807.999999999998, 9470.0, 10182.000000000002, 10947.999999999996, 11772.000000000025, 12657.0, 13609.999999999998, 14632.999999999938, 15734.000000000013, 16917.000000000004, 18190.000000000004, 19558.0, 21029.000000000007, 22610.999999999996, 24312.0, 26140.999999999993, 28107.0, 30220.999999999996, 32494.0, 34938.00000000001, 37566.0, 40392.0, 43429.99999999999, 46697.00000000001, 50208.99999999997, 53985.99999999999, 58045.99999999999, 62412.99999999997, 67107.00000000001, 72155.00000000001, 77582.00000000001, 83418.0, 89691.99999999997, 96437.99999999999, 103691.99999999997, 111492.00000000003, 119877.99999999997, 128895.00000000001, 138590.00000000003, 149014.0, 160222.0, 172274.0, 185232.0, 199163.99999999997, 214145.0, 230251.99999999997, 247570.99999999994, 266193.0, 286215.0, 307743.0, 330891.00000000006, 355779.0, 382540.0, 411313.0, 442251.0, 475516.0, 511283.00000000006, 549740.0, 591089.0000000001, 635549.0, 683353.0, 734753.0, 790018.9999999999, 849441.9999999999, 913334.0000000001, 982032.0000000001, 1055897.9999999998, 1135319.0, 1220714.0, 1312533.0, 1411256.9999999998, 1517407.0000000002, 1631542.0000000002, 1754262.0, 1886212.0, 2028087.0000000002, 2180632.9999999995, 2344653.0, 2521011.0, 2710633.0, 2914519.0, 3133740.0, 3369450.0, 3622889.0, 3895392.0, 4188391.0, 4503428.000000001, 4842162.000000001, 5206374.0, 5597981.0, 6019044.000000001, 6471778.0, 6958564.0, 7481966.0, 8044736.000000001, 8649835.999999998, 9300448.999999998, 10000000.0], "rhs": [1000, 1075, 1156, 1243, 1336, 1437, 1545, 1661, 1786, 1920, 2065, 2220, 2387, 2567, 2760, 2967, 3191, 3431, 3689, 3966, 4265, 4585, 4930, 5301, 5700, 6129, 6590, 7085, 7618, 8191, 8808, 9470, 10182, 10948, 11772, 12657, 13610, 14633, 15734, 16917, 18190, 19558, 21029, 22611, 24312, 26141, 28107, 30221, 32494, 34938, 37566, 40392, 43430, 46697, 50209, 53986, 58046, 62413, 67107, 72155, 77582, 83418, 89692, 96438, 103692, 111492, 119878, 128895, 138590, 149014, 160222, 172274, 185232, 199164, 214145, 230252, 247571, 266193, 286215, 307743, 330891, 355779, 382540, 411313, 442251, 475516, 511283, 549740, 591089, 635549, 683353, 734753, 790019, 849442, 913334, 982032, 1055898, 1135319, 1220714, 1312533, 1411257, 1517407, 1631542, 1754262, 1886212, 2028087, 2180633, 2344653, 2521011, 2710633, 2914519, 3133740, 3369450, 3622889, 3895392, 4188391, 4503428, 4842162, 5206374, 5597981, 6019044, 6471778, 6958564, 7481966, 8044736, 8649836, 9300449, 10000000],