{"solver": "dioph", "time": {"mu": [308575.55, 641519.55, 1417557.1, 4533103.1, 12834535.7, 41875900.3, 244607374.4, 1062650757.2, 4595274664.15, 10742836989.2, 19470728386.75, 30886746844.6, 45072326153.75, 61884878818.05, 81418101740.2, 103961590502.95, 129440127579.95, 299154151730.65, 542603885402.75, 856889709961.4], "sigma": [5659.965403232556, 5276.504788858066, 6097.947488165264, 12284.447895397532, 12528.510778473066, 39698.487691068214, 918364.5953952689, 3061378.8142270246, 6624799.618489487, 16438995.441114254, 23036205.52520998, 26403882.427005418, 47578148.20442381, 36180184.456096105, 57368818.33575709, 34902120.124084406, 47158541.74435831, 128521207.42291377, 256540213.61234108, 192309612.93027094]}, "instance": {"obj": [3485, 12778, 49325, 318592, 1250866, 5010193, 30760609, 124512023, 500821276, 225083703, 400314062, 627321623, 901076750, 1222505325, 1598625279, 2024816442, 2494914202, 5627067690, 0, 0], "rhs": [3485, 12778, 49325, 318592, 1250866, 5010193, 30760609, 124512023, 500821276, 225083703, 400314062, 627321623, 901076750, 1222505325, 1598625279, 2024816442, 2494914202, 5627067690, 9994195562, 15613784726], "timed_out": [false, false, false, false, false, false, false, false, false, false, false, false, false, false, false, false, false, false, true, true]}}