{"solver": "dioph", "time": {"mu": [31382.65, 30944.5, 30871.85, 30125.2, 29699.35, 29658.05, 29645.9, 29842.75, 30677.5, 30822.1, 29771.95, 30397.4, 31172.4, 30407.05, 30419.65, 30074.4, 29843.7, 30562.8, 30736.65, 30682.0, 30156.8, 30462.2, 30582.35, 30709.85, 30128.5, 30032.25, 30417.75, 29586.8, 29765.75, 30344.15, 30160.85, 29911.9, 32191.95, 30001.7, 30212.7, 30035.0, 30153.1, 29670.55, 29382.1, 30309.45, 30109.5, 29817.7, 30016.25, 31790.6, 30124.15, 30000.8, 30169.55, 30315.55, 29552.25, 29701.5, 29522.3, 30269.15, 30188.6, 30516.0, 30212.2, 29981.7, 30631.45, 29911.8, 31444.7, 31852.85, 30526.15, 26730.65, 24104.85, 26425.1, 27298.05, 24678.55, 26196.8, 24357.4, 30850.3, 27348.4, 25769.75, 26622.2, 27551.6, 31308.8, 24806.55, 25577.55, 28108.15, 26891.05, 27653.65, 27392.9, 28621.45, 25569.45, 24295.6, 25229.4, 25241.7, 23928.95, 25241.0, 25028.7, 25182.0, 26925.7, 24975.7, 25584.1, 25152.8, 26688.15, 25989.75, 25904.95, 25744.3, 27414.95, 25562.15, 26728.0, 25501.35, 25067.9, 25242.35, 24438.1, 24005.75, 25284.35, 26953.35, 25390.5, 25192.25, 26729.9, 25589.7, 24750.65, 25405.25, 24902.0, 27385.1, 25472.35, 25862.55, 26114.7, 26637.65, 25871.1, 25916.25, 25032.15, 25041.15, 25293.45, 24324.0, 24988.65, 25805.15, 24763.7], "sigma": [3977.6516911760623, 2699.422618576834, 2849.6058688693665, 2745.648453749851, 1735.4689727169305, 1747.5693638820026, 2091.1742332202284, 2565.689255397691, 2248.524697616078, 2753.9463722179908, 1396.8357653150058, 1966.6185352421285, 2302.786696248928, 2384.077609894443, 1951.381542314114, 1961.3954323657592, 1298.1833095765628, 2291.4629342294343, 2286.1286576817333, 2536.1835605159927, 2715.0384818441776, 1786.5310874193567, 3011.55772378419, 3260.8534284108737, 2834.1376020525927, 2191.149731245412, 2171.355770383782, 1841.903437665561, 2112.965187024847, 2360.39961547549, 2407.227085148737, 2237.2072557684855, 5770.597319032151, 2237.610546519375, 2835.1717872393365, 2611.61305266345, 2347.4440276943546, 1594.271669215494, 1321.697708093249, 2668.3497457772423, 2564.6159351327524, 2306.1507710788055, 2608.267298923095, 4587.52863636552, 2111.888286394554, 3045.971068045201, 2704.8364183440003, 2441.5491302169526, 2039.749878242299, 1945.1752593207852, 1204.254174080154, 2466.2578359040026, 2489.8491478295164, 2430.7983094145493, 1838.8219512560352, 2027.314793929204, 2682.7918387381455, 2059.3985478647323, 5244.373457134297, 6543.840995647418, 3437.615150607207, 4496.564469564221, 3853.8701296639188, 6960.2760902590335, 5291.62984020892, 5521.831803944469, 3671.7958835597487, 3772.4085898032113, 9862.749894639452, 7605.111815503818, 3900.225416899846, 4185.365639563896, 7181.463634722528, 8550.212491049871, 4051.574579878271, 4285.085044602229, 6822.132999328459, 6141.347901723204, 5137.202630912337, 4901.8245357159985, 7263.526811006519, 3978.499313414809, 4213.801364189122, 3973.1335426044293, 4606.507343450476, 3839.080858678765, 4521.224601226623, 3854.97341242794, 4347.170041351161, 3501.9962893364573, 3984.191658093402, 3373.7581715351207, 4391.769534265803, 4016.006857760448, 4784.409933094648, 4373.748464297801, 5041.609226177063, 3446.9464820330472, 4196.996046986589, 4009.8232274988723, 3290.3871356774384, 3415.2375104275807, 3686.179769368996, 3721.687830173718, 3792.659209786578, 4199.4204396496625, 3164.8840716276013, 4160.156228088707, 3341.4638436501227, 3465.035959409368, 4790.347389886194, 3826.201239308279, 4386.5221072472, 4847.594845846101, 4297.832769639772, 3718.857610030829, 3901.358366342623, 4338.1025333057405, 3961.062248212028, 3098.4588851811304, 3291.1524277419267, 3474.566633712075, 4227.99903245271, 4532.355846983355, 4063.4737148871714, 4163.407805543814, 3374.2812454927657, 4021.451441300372]}, "instance": {"obj": [1000.0, 1075.0, 1156.0, 1243.0, 1336.0, 1437.0, 1545.0, 1661.0, 1786.0, 1920.0, 2065.0, 2220.0, 2387.0, 2567.0, 2760.0, 2967.0, 3191.0, 3431.0, 3689.0, 3966.0, 4265.0, 4585.0, 4930.0, 5301.0, 5700.0, 6129.0, 6590.0, 7085.0, 7618.0, 8191.0, 8808.0, 9470.0, 10182.0, 10948.0, 11772.0, 12657.0, 13610.0, 14633.0, 15734.0, 16917.0, 18190.0, 19558.0, 21029.0, 22611.0, 24312.0, 26141.0, 28107.0, 30221.0, 32494.0, 34938.0, 37566.0, 40392.0, 43430.0, 46697.0, 50209.0, 53986.0, 58046.0, 62413.0, 67107.0, 72155.0, 77582.0, 83418.0, 89692.0, 96438.0, 103692.0, 111492.0, 119878.0, 128895.0, 138590.0, 149014.0, 160222.0, 172274.0, 185232.0, 199164.0, 214145.0, 230252.0, 247571.0, 266193.0, 286215.0, 307743.0, 330891.0, 355779.0, 382540.0, 411313.0, 442251.0, 475516.0, 511283.0, 549740.0, 591089.0, 635549.0, 683353.0, 734753.0, 790019.0, 849442.0, 913334.0, 982032.0, 1055898.0, 1135319.0, 1220714.0, 1312533.0, 1411257.0, 1517407.0, 1631542.0, 1754262.0, 1886212.0, 2028087.0, 2180633.0, 2344653.0, 2521011.0, 2710633.0, 2914519.0, 3133740.0, 3369450.0, 3622889.0, 3895392.0, 4188391.0, 4503428.0, 4842162.0, 5206374.0, 5597981.0, 6019044.0, 6471778.0, 6958564.0, 7481966.0, 8044736.0, 8649836.0, 9300449.0, 10000000.0], "rhs": [1000, 1075, 1156, 1243, 1336, 1437, 1545, 1661, 1786, 1920, 2065, 2220, 2387, 2567, 2760, 2967, 3191, 3431, 3689, 3966, 4265, 4585, 4930, 5301, 5700, 6129, 6590, 7085, 7618, 8191, 8808, 9470, 10182, 10948, 11772, 12657, 13610, 14633, 15734, 16917, 18190, 19558, 21029, 22611, 24312, 26141, 28107, 30221, 32494, 34938, 37566, 40392, 43430, 46697, 50209, 53986, 58046, 62413, 67107, 72155, 77582, 83418, 89692, 96438, 103692, 111492, 119878, 128895, 138590, 149014, 160222, 172274, 185232, 199164, 214145, 230252, 247571, 266193, 286215, 307743, 330891, 355779, 382540, 411313, 442251, 475516, 511283, 549740, 591089, 635549, 683353, 734753, 790019, 849442, 913334, 982032, 1055898, 1135319, 1220714, 1312533, 1411257, 1517407, 1631542, 1754262, 1886212, 2028087, 2180633, 2344653, 2521011, 2710633, 2914519, 3133740, 3369450, 3622889, 3895392, 4188391, 4503428, 4842162, 5206374, 5597981, 6019044, 6471778, 6958564, 7481966, 8044736, 8649836, 9300449, 10000000], "timed_out": [false, false, false, false, false, false, false, false, false, false, false, false, false, false, false, false, false, false, false, false, false, false, false, false, false, false, false, false, false, false, false, false, false, false, false, false, false, false, false, false, false, false, false, false, false, false, false, false, false, false, false, false, false, false, false, false, false, false, false, false, false, false, false, false, false, false, false, false, false, false, false, false, false, false, false, false, false, false, false, false, false, false, false, false, false, false, false, false, false, false, false, false, false, false, false, false, false, false, false, false, false, false, false, false, false, false, false, false, false, false, false, false, false, false, false, false, false, false, false, false, false, false, false, false, false, false, false, false]}}