{"solver": "dioph", "time": {"mu": [29728.0, 29579.8, 29553.9, 28755.35, 28135.3, 29315.35, 28395.65, 29078.15, 29023.45, 28429.6, 30841.55, 29690.65, 28802.3, 29281.85, 28362.15, 28812.2, 29212.8, 28969.05, 33517.1, 27880.05, 12997.5, 19657.5, 27304.5, 26679.4, 26172.25, 26296.85, 26637.15, 25673.15, 29305.85, 33743.05, 30410.25, 29427.85, 31232.6, 29716.65, 29979.0, 29387.1, 29233.3, 29960.45, 29674.85, 29729.7, 30005.7, 29283.35, 29482.65, 29533.0, 31985.0, 33077.75, 29583.6, 31028.4, 29878.55, 29795.75, 29973.65, 29567.45, 29464.25, 29071.15, 29990.75, 29860.4, 29958.05, 30277.5, 29437.05, 30107.25, 30178.15, 29994.25, 29748.1, 29312.05, 29668.45, 29789.65, 30582.3, 29827.15, 29325.75, 29605.8, 30225.55, 29979.85, 29903.75, 29950.45, 29501.85, 29354.85, 29670.7, 29683.45, 29894.1, 30030.8, 29965.55, 29782.15, 30295.9, 30046.7, 29680.15, 30005.55, 29585.6, 29446.25, 29492.7, 29988.8, 29822.05, 29912.45, 30216.1, 29164.95, 29530.4, 29851.95, 29481.65, 29518.15, 30898.6, 29468.1, 29659.9, 29731.1, 30922.0, 30238.95, 29753.1, 29928.3, 30242.15, 30196.85, 30210.2, 29640.85, 29803.95, 29527.8, 29509.6, 31990.05, 30109.95, 29938.4, 31990.4, 29220.55, 29952.2, 30078.5, 29681.15, 29957.7, 29518.1, 29344.15, 29974.05, 26477.75, 19514.05, 24400.25], "sigma": [2819.6835955382244, 2803.8254244025816, 2833.099862620262, 2266.137759434947, 1307.866567312865, 2480.0952926301675, 1927.1959252267338, 2045.7948725437543, 2208.486299303332, 2254.00526315175, 7732.859683978836, 2524.076574762176, 2477.038577775783, 2799.2699663906733, 1759.9137919975392, 2236.3387512911177, 2742.5455060274894, 2715.62631091362, 9135.362239814664, 3612.5600410235397, 812.1841572347727, 7160.501441570754, 2822.3723037637383, 3217.6565745242215, 3013.898889007044, 3177.811383144397, 3681.2276738667097, 2831.228174541181, 2667.0228873369174, 8041.635323836747, 4201.897765170801, 1744.7527430012904, 4567.10550279761, 2447.058067729923, 2378.9877104171405, 1911.5295308648572, 2210.0487753607804, 2238.4774307315984, 2140.5112836103335, 2786.2911416999823, 3026.0053936014824, 1585.4852909739454, 1779.42238632298, 2221.700131359813, 4939.870358409696, 5896.656393111358, 1856.819986740205, 5074.847183595, 2496.1299619294878, 2224.8563969034285, 2174.860897548211, 3284.2604787235227, 1620.1166584052228, 1891.5823027018246, 2680.099386904189, 2048.039843362428, 2470.425777813252, 2822.5541717798046, 1559.119065538715, 2182.1870457482737, 2503.345136223256, 2125.887650519561, 2477.8144635524013, 1691.3197424060986, 2025.0717329724916, 2468.9638413715174, 2629.8900937611743, 2165.822300991862, 2033.3761884324824, 1805.6335992489844, 2589.24045914302, 2374.318279444705, 2448.427054145923, 2779.7436548793676, 2034.7960010255263, 1584.4388438813282, 2449.948787864329, 1604.8764003892375, 2206.0274822929064, 2430.801137160556, 2386.4703175015165, 1918.4467476800628, 2502.8933972294417, 2731.3392916874664, 2431.4940668996956, 3211.8071560874787, 1553.9291929950043, 1813.144023512749, 2124.483568206388, 2242.6200513544068, 2414.4312717055072, 2285.125989271074, 2583.1709990874233, 1768.470986176298, 1739.6030218656815, 2615.624057064535, 1531.2831659136484, 1867.9193399411859, 6485.300686126564, 1713.6740124809712, 1938.365939596926, 2051.6656878587314, 3983.5903668081028, 2694.408605651809, 2296.9387384998, 1905.628287054181, 2679.910923009039, 2794.3812473002245, 2328.9628728594826, 2598.1334043582337, 1691.2591844384374, 1955.334124092889, 1919.8245917681893, 6846.622374918661, 2353.7676957995395, 2710.057455207604, 5223.863547020992, 1628.0810297628568, 2054.996775512901, 1948.4824729436036, 2474.3478306095335, 2647.8525976623714, 2019.9342068493222, 1757.124902698784, 2093.5210198434397, 6689.73171419413, 6921.388318865394, 1220.615887466996]}, "instance": {"obj": [1000.0, 1075.0, 1156.0, 1243.0, 1336.0, 1437.0, 1545.0, 1661.0, 1786.0, 1920.0, 2065.0, 2220.0, 2387.0, 2567.0, 2760.0, 2967.0, 3191.0, 3431.0, 3689.0, 3966.0, 4265.0, 4585.0, 4930.0, 5301.0, 5700.0, 6129.0, 6590.0, 7085.0, 7618.0, 8191.0, 8808.0, 9470.0, 10182.0, 10948.0, 11772.0, 12657.0, 13610.0, 14633.0, 15734.0, 16917.0, 18190.0, 19558.0, 21029.0, 22611.0, 24312.0, 26141.0, 28107.0, 30221.0, 32494.0, 34938.0, 37566.0, 40392.0, 43430.0, 46697.0, 50209.0, 53986.0, 58046.0, 62413.0, 67107.0, 72155.0, 77582.0, 83418.0, 89692.0, 96438.0, 103692.0, 111492.0, 119878.0, 128895.0, 138590.0, 149014.0, 160222.0, 172274.0, 185232.0, 199164.0, 214145.0, 230252.0, 247571.0, 266193.0, 286215.0, 307743.0, 330891.0, 355779.0, 382540.0, 411313.0, 442251.0, 475516.0, 511283.0, 549740.0, 591089.0, 635549.0, 683353.0, 734753.0, 790019.0, 849442.0, 913334.0, 982032.0, 1055898.0, 1135319.0, 1220714.0, 1312533.0, 1411257.0, 1517407.0, 1631542.0, 1754262.0, 1886212.0, 2028087.0, 2180633.0, 2344653.0, 2521011.0, 2710633.0, 2914519.0, 3133740.0, 3369450.0, 3622889.0, 3895392.0, 4188391.0, 4503428.0, 4842162.0, 5206374.0, 5597981.0, 6019044.0, 6471778.0, 6958564.0, 7481966.0, 8044736.0, 8649836.0, 9300449.0, 10000000.0], "rhs": [1000, 1075, 1156, 1243, 1336, 1437, 1545, 1661, 1786, 1920, 2065, 2220, 2387, 2567, 2760, 2967, 3191, 3431, 3689, 3966, 4265, 4585, 4930, 5301, 5700, 6129, 6590, 7085, 7618, 8191, 8808, 9470, 10182, 10948, 11772, 12657, 13610, 14633, 15734, 16917, 18190, 19558, 21029, 22611, 24312, 26141, 28107, 30221, 32494, 34938, 37566, 40392, 43430, 46697, 50209, 53986, 58046, 62413, 67107, 72155, 77582, 83418, 89692, 96438, 103692, 111492, 119878, 128895, 138590, 149014, 160222, 172274, 185232, 199164, 214145, 230252, 247571, 266193, 286215, 307743, 330891, 355779, 382540, 411313, 442251, 475516, 511283, 549740, 591089, 635549, 683353, 734753, 790019, 849442, 913334, 982032, 1055898, 1135319, 1220714, 1312533, 1411257, 1517407, 1631542, 1754262, 1886212, 2028087, 2180633, 2344653, 2521011, 2710633, 2914519, 3133740, 3369450, 3622889, 3895392, 4188391, 4503428, 4842162, 5206374, 5597981, 6019044, 6471778, 6958564, 7481966, 8044736, 8649836, 9300449, 10000000], "timed_out": [false, false, false, false, false, false, false, false, false, false, false, false, false, false, false, false, false, false, false, false, false, false, false, false, false, false, false, false, false, false, false, false, false, false, false, false, false, false, false, false, false, false, false, false, false, false, false, false, false, false, false, false, false, false, false, false, false, false, false, false, false, false, false, false, false, false, false, false, false, false, false, false, false, false, false, false, false, false, false, false, false, false, false, false, false, false, false, false, false, false, false, false, false, false, false, false, false, false, false, false, false, false, false, false, false, false, false, false, false, false, false, false, false, false, false, false, false, false, false, false, false, false, false, false, false, false, false, false]}}