{"solver": "dioph", "time": {"mu": [19415525.5, 19370833.55, 19453572.7, 19550032.55, 19695705.35, 19694613.5, 19771591.1, 19830101.9, 19909285.3, 19993696.95, 19700243.85, 19535690.85, 19537683.35, 19570467.1, 19646572.75, 19597751.5, 19640085.05, 19536909.75, 19585480.95, 19611986.65, 19621268.7, 19680251.0, 19714933.85, 19710565.35, 19828921.75, 20009054.7, 19901470.65, 19818833.15, 19795443.35, 19741268.4, 19778197.0, 19736363.2, 19722672.3, 19677934.05, 19707987.9, 19764989.55, 19749456.75, 19897196.15, 19906594.05, 19932459.05, 19904440.9, 19830317.15, 20019578.3, 20044610.8, 20104929.25, 19754441.3, 19756084.0, 19833958.8, 19860112.2, 19858823.0, 19819634.65, 19751190.8, 19746540.1, 19790987.75, 19621362.45, 19578737.15, 19554357.35, 19594127.35, 19645797.75, 19705630.45, 20057471.1, 19840033.05, 19708316.05, 19543971.35, 19480424.35, 19506345.0, 19560668.65, 19473670.75, 19517966.7, 19469112.65, 19474733.85, 19475741.5, 19517758.5, 19599514.5, 19536830.0, 19531584.1, 19528078.3, 19773150.0, 19915808.1, 19757283.6, 19424393.35, 19492487.85, 19421505.05, 19463510.6, 19445773.8, 19432391.0, 19435672.65, 19405418.7, 19456032.6, 19490764.65, 19483867.5, 19522084.95, 19574133.3, 19534272.85, 19626701.45, 19765466.65, 19720377.0, 19526997.8, 19409308.2, 19360636.75, 19377004.6, 19362560.0, 19422376.6, 19390419.2, 19454693.0, 19413710.25, 19431642.75, 19483539.8, 19402419.35, 19432813.25, 19453265.45, 19536882.4, 19678859.3, 19718369.15, 19649990.45, 19366662.25, 19372927.95, 19357600.1, 19352544.55, 19352877.2, 19373757.35, 19347945.95, 19404966.55, 19322064.35, 19434974.85, 19385393.25, 19370533.1, 19468694.15], "sigma": [168644.89046249003, 158741.55423715917, 145973.2588870845, 101397.76316253623, 99795.53969321739, 114957.23254575567, 155119.22664633775, 88262.38966489575, 48322.50876209924, 96857.61704876798, 59973.30412097404, 92539.73539329214, 100829.11883101762, 55730.12532770858, 123725.65452682845, 102573.39467476575, 139817.00173458876, 83054.16556546888, 115255.973076624, 100042.08941307759, 75598.59831553548, 122620.78800663623, 144370.275829485, 108874.28614994693, 169159.9404549543, 187101.26116036737, 160150.41453625466, 223327.9362927213, 228971.3741348181, 178127.6598815698, 204200.83608803523, 178155.71640107132, 179031.7106886816, 190455.69782455833, 159678.99239012724, 231308.26934098938, 190280.9707533282, 182567.79451257782, 202278.18908790336, 150667.5606151975, 157906.07757441397, 182610.05305763744, 219965.01812910353, 218595.70859480102, 197163.9730395076, 219896.94833647588, 222965.16749601567, 177497.91041960556, 199673.1590436837, 185600.85303938494, 179753.97614057036, 175249.52722500986, 195831.05823344667, 204811.8681755669, 122640.08543808393, 92893.75503188405, 97916.42974027178, 89958.7513810021, 106293.26385097085, 191164.56592367435, 386656.4695733628, 152533.09198730582, 157701.25458549615, 166375.17710735166, 124616.60802227091, 159335.24102608973, 107459.04178032083, 160644.05179050687, 163724.0271853829, 145418.1255444831, 152589.24989908625, 168101.3117840736, 120234.50139207132, 138508.41312638548, 172956.38399592935, 186106.32885132034, 173862.3346846882, 186960.7948635221, 169200.9358316474, 190570.67319816028, 166145.37679719404, 197295.05876152386, 145011.63537326563, 158433.47223939636, 182273.9845096127, 122369.51370939448, 197125.5075906491, 188296.53328309467, 189255.94187526777, 146094.64010820087, 149773.96122385297, 149599.28179375693, 142936.86269895898, 217750.20263408904, 164049.9807358063, 209742.11528779185, 159263.78034734173, 200488.61327283192, 193572.3638959696, 173289.00401470342, 127229.33624112756, 201938.82539599904, 210674.81306841245, 174683.1405381575, 192363.16321779983, 173569.5658988137, 161251.50203653754, 132734.62255572405, 167739.33188300012, 157285.05798235623, 148173.79983067358, 148245.99696393686, 193684.80479488207, 198263.37770150063, 185484.46242673323, 180156.95311088432, 139346.81952576005, 154749.4437768764, 163255.8905604376, 162868.8012046894, 168449.28530140835, 175857.2903783289, 163741.98446994365, 220677.83595794477, 145306.87026365416, 186929.32281082377, 169421.0408230584, 157975.8825604902]}, "instance": {"obj": [50345, 89591, 128836, 168082, 207327, 246573, 285818, 325064, 364309, 403555, 442800, 482045, 521291, 560536, 599782, 639027, 678273, 717518, 756764, 796009, 835255, 874500, 913746, 952991, 992237, 1031482, 1070728, 1109973, 1149219, 1188464, 1227710, 1266955, 1306201, 1345446, 1384691, 1423937, 1463182, 1502428, 1541673, 1580919, 1620164, 1659410, 1698655, 1737901, 1777146, 1816392, 1855637, 1894883, 1934128, 1973374, 2012619, 2051865, 2091110, 2130356, 2169601, 2208847, 2248092, 2287337, 2326583, 2365828, 2405074, 2444319, 2483565, 2522810, 2562056, 2601301, 2640547, 2679792, 2719038, 2758283, 2797529, 2836774, 2876020, 2915265, 2954511, 2993756, 3033002, 3072247, 3111493, 3150738, 3189984, 3229229, 3268474, 3307720, 3346965, 3386211, 3425456, 3464702, 3503947, 3543193, 3582438, 3621684, 3660929, 3700175, 3739420, 3778666, 3817911, 3857157, 3896402, 3935648, 3974893, 4014139, 4053384, 4092630, 4131875, 4171120, 4210366, 4249611, 4288857, 4328102, 4367348, 4406593, 4445839, 4485084, 4524330, 4563575, 4602821, 4642066, 4681312, 4720557, 4759803, 4799048, 4838294, 4877539, 4916785, 4956030, 4995276, 5034521], "rhs": [50345, 89591, 128836, 168082, 207327, 246573, 285818, 325064, 364309, 403555, 442800, 482045, 521291, 560536, 599782, 639027, 678273, 717518, 756764, 796009, 835255, 874500, 913746, 952991, 992237, 1031482, 1070728, 1109973, 1149219, 1188464, 1227710, 1266955, 1306201, 1345446, 1384691, 1423937, 1463182, 1502428, 1541673, 1580919, 1620164, 1659410, 1698655, 1737901, 1777146, 1816392, 1855637, 1894883, 1934128, 1973374, 2012619, 2051865, 2091110, 2130356, 2169601, 2208847, 2248092, 2287337, 2326583, 2365828, 2405074, 2444319, 2483565, 2522810, 2562056, 2601301, 2640547, 2679792, 2719038, 2758283, 2797529, 2836774, 2876020, 2915265, 2954511, 2993756, 3033002, 3072247, 3111493, 3150738, 3189984, 3229229, 3268474, 3307720, 3346965, 3386211, 3425456, 3464702, 3503947, 3543193, 3582438, 3621684, 3660929, 3700175, 3739420, 3778666, 3817911, 3857157, 3896402, 3935648, 3974893, 4014139, 4053384, 4092630, 4131875, 4171120, 4210366, 4249611, 4288857, 4328102, 4367348, 4406593, 4445839, 4485084, 4524330, 4563575, 4602821, 4642066, 4681312, 4720557, 4759803, 4799048, 4838294, 4877539, 4916785, 4956030, 4995276, 5034521], "timed_out": [false, false, false, false, false, false, false, false, false, false, false, false, false, false, false, false, false, false, false, false, false, false, false, false, false, false, false, false, false, false, false, false, false, false, false, false, false, false, false, false, false, false, false, false, false, false, false, false, false, false, false, false, false, false, false, false, false, false, false, false, false, false, false, false, false, false, false, false, false, false, false, false, false, false, false, false, false, false, false, false, false, false, false, false, false, false, false, false, false, false, false, false, false, false, false, false, false, false, false, false, false, false, false, false, false, false, false, false, false, false, false, false, false, false, false, false, false, false, false, false, false, false, false, false, false, false, false, false],