{"solver": "bb_raw", "time": {"mu": [300417653.7, 296610858.6, 356780023.25, 125357014.75, 350209089.45, 260226767.95, 267821170.4, 460467361.0, 406122005.9, 221580233.85, 275820693.4, 185649472.95, 397616028.5, 179846735.95, 143405595.15, 178131368.7, 238397040.0, 198183761.55, 193607774.55, 208031937.15, 50455358.35, 202878633.15, 177549237.05, 193556217.8, 61242917.15, 181235329.5, 308807519.25, 41319478.4, 484379140.5, 275552629.7, 60754999.5, 260492429.45, 174275934.05, 307581785.15, 243283910.85, 258845225.85, 247335955.15, 245570536.7, 260696434.3, 239457416.8, 286170915.3, 54937853.7, 257468359.7, 74432847.25, 395482373.6, 285581816.4, 385169766.45, 84982083.65, 158022517.7, 324713475.3, 47122683.15, 256759185.45, 243960625.45, 267925320.15, 222499123.45, 368591603.7, 301607538.8, 360892970.5, 282381078.0, 253488605.3, 84852159.0, 319431073.4, 308148948.3, 308123618.15, 303450886.4, 316834438.6, 188543615.95, 72668490.25, 253845634.95, 607536993.0, 173028783.9, 290836733.5, 99410992.9, 290385370.85, 198928091.9, 400531804.2, 313008736.5, 288322160.9, 392620094.55, 364331422.55, 252258281.85, 302531655.7, 76131399.55, 374409934.8, 224660555.9, 288545478.8, 216421266.25, 181012914.55, 191210594.95, 354590516.3, 435636155.85, 555098656.9, 58291213.3, 389421969.1, 243707548.1, 93116228.45, 257740971.45, 132634501.45, 192145170.6, 227919550.8, 96609167.35, 62432082.65, 42205237.5, 282113187.65, 194442480.35, 328554817.3, 296943833.35, 185475756.15, 320355287.95, 124415901.05, 275300140.85, 246042575.55, 267137677.3, 112751596.85, 218880391.7, 64978228.5, 70104563.4, 247242978.0, 305850049.0, 213081074.15, 221451383.2, 188408896.55, 221949609.2, 43429204.8, 213264911.25, 220316906.05, 220618092.05, 194363918.4], "sigma": [38264624.26057289, 53442399.23975811, 70036727.0607025, 17838177.78527103, 45749566.84170643, 48717081.6394348, 43680980.33866173, 66876327.8266936, 76769215.52110656, 49274934.99243827, 8692996.297565525, 6213691.337412505, 13348459.924918346, 7156744.784722381, 7403174.696068575, 3875413.936723556, 9180573.6557516, 6272131.126326408, 8340507.802251147, 9962345.978099126, 2979509.5459892526, 5062872.776895724, 4273269.8314115815, 8595491.163231922, 1962577.8169525776, 5743687.493177967, 10418897.608538747, 2647583.6274211165, 19731623.900246866, 8365636.944379223, 4180692.269161595, 6024258.365149553, 7478769.96493238, 11297478.20402501, 28580975.289314907, 9455821.361953778, 5116302.3579483265, 3225284.9098194833, 4658412.377034862, 26106991.7873376, 68846400.55515374, 14775758.936339615, 46022930.902208515, 13472318.759302575, 65406200.87030041, 59367617.272800036, 47352108.10986929, 20096339.94338861, 30220550.497380875, 42156208.850609906, 2410823.623836343, 41628330.29890725, 39164500.58640207, 55924353.90747561, 44815149.2400797, 62527667.32550582, 50267582.372743614, 64338440.00439467, 57876596.556032896, 49781074.511757135, 15557861.442725407, 41196749.515953645, 56627658.78399914, 51833055.624572836, 65132691.03476291, 69625884.41940156, 27457930.28344388, 13513224.927847074, 47200600.03927936, 59107181.27882674, 37006438.27265188, 61697996.223139465, 19124987.17609404, 56598801.810269855, 42177709.7310623, 53142529.66065194, 60495824.462725624, 51696795.54152474, 56105706.450339094, 38850588.35498253, 41133757.94048411, 49957263.580454946, 13555496.819111466, 63467686.784046054, 40255913.85714679, 3970697.9620293537, 1368040.0016510703, 1886957.999653619, 2131776.765464247, 60192417.570836715, 88506471.85051757, 80336850.6118922, 10129453.361696552, 64746357.865948915, 59015321.93085043, 2120261.491379095, 2668057.066976927, 638608.8173691536, 1301551.062893581, 2025363.2599555438, 1891788.4431150071, 449995.8254627744, 305358.54918775836, 5446105.072472574, 3266903.5470569837, 8757061.313725995, 4981088.312381492, 2930742.2550381375, 8459388.698124036, 941893.1846402405, 2697785.6652080086, 2739257.162939876, 2984340.391825516, 2338070.058075188, 2550789.456753569, 3096087.879508021, 685610.9822373495, 5538828.246107275, 7051193.154165389, 3057068.1721089412, 5219438.877524233, 3431959.471476416, 2874226.7184946067, 275159.35635049926, 1719070.962749261, 6173322.759240427, 2647017.667446129, 3787058.094856528]}, "instance": {"obj": [50345.0, 89591.0, 128836.0, 168082.0, 207327.0, 246573.0, 285818.0, 325064.0, 364309.0, 403555.0, 442800.0, 482045.0, 521291.0, 560536.0, 599782.0, 639027.0, 678273.0, 717518.0, 756764.0, 796009.0, 835255.0, 874500.0, 913746.0, 952991.0, 992237.0, 1031482.0, 1070728.0, 1109973.0, 1149219.0, 1188464.0, 1227710.0, 1266955.0, 1306201.0, 1345446.0, 1384691.0, 1423937.0, 1463182.0, 1502428.0, 1541673.0, 1580919.0, 1620164.0, 1659410.0, 1698655.0, 1737901.0, 1777146.0, 1816392.0, 1855637.0, 1894883.0, 1934128.0, 1973374.0, 2012619.0, 2051865.0, 2091110.0, 2130356.0, 2169601.0, 2208847.0, 2248092.0, 2287337.0, 2326583.0, 2365828.0, 2405074.0, 2444319.0, 2483565.0, 2522810.0, 2562056.0, 2601301.0, 2640547.0, 2679792.0, 2719038.0, 2758283.0, 2797529.0, 2836774.0, 2876020.0, 2915265.0, 2954511.0, 2993756.0, 3033002.0, 3072247.0, 3111493.0, 3150738.0, 3189984.0, 3229229.0, 3268474.0, 3307720.0, 3346965.0, 3386211.0, 3425456.0, 3464702.0, 3503947.0, 3543193.0, 3582438.0, 3621684.0, 3660929.0, 3700175.0, 3739420.0, 3778666.0, 3817911.0, 3857157.0, 3896402.0, 3935648.0, 3974893.0, 4014139.0, 4053384.0, 4092630.0, 4131875.0, 4171120.0, 4210366.0, 4249611.0, 4288857.0, 4328102.0, 4367348.0, 4406593.0, 4445839.0, 4485084.0, 4524330.0, 4563575.0, 4602821.0, 4642066.0, 4681312.0, 4720557.0, 4759803.0, 4799048.0, 4838294.0, 4877539.0, 4916785.0, 4956030.0, 4995276.0, 5034521.0], "rhs": [50345, 89591, 128836, 168082, 207327, 246573, 285818, 325064, 364309, 403555, 442800, 482045, 521291, 560536, 599782, 639027, 678273, 717518, 756764, 796009, 835255, 874500, 913746, 952991, 992237, 1031482, 1070728, 1109973, 1149219, 1188464, 1227710, 1266955, 1306201, 1345446, 1384691, 1423937, 1463182, 1502428, 1541673, 1580919, 1620164, 1659410, 1698655, 1737901, 1777146, 1816392, 1855637, 1894883, 1934128, 1973374, 2012619, 2051865, 2091110, 2130356, 2169601, 2208847, 2248092, 2287337, 2326583, 2365828, 2405074, 2444319, 2483565, 2522810, 2562056, 2601301, 2640547, 2679792, 2719038, 2758283, 2797529, 2836774, 2876020, 2915265, 2954511, 2993756, 3033002, 3072247, 3111493, 3150738, 3189984, 3229229, 3268474, 3307720, 3346965, 3386211, 3425456, 3464702, 3503947, 3543193, 3582438, 3621684, 3660929, 3700175, 3739420, 3778666, 3817911, 3857157, 3896402, 3935648, 3974893, 4014139, 4053384, 4092630, 4131875, 4171120, 4210366, 4249611, 4288857, 4328102, 4367348, 4406593, 4445839, 4485084, 4524330, 4563575, 4602821, 4642066, 4681312, 4720557, 4759803, 4799048, 4838294, 4877539, 4916785, 4956030, 4995276, 5034521], "timed_out": [false, false, false, false, false, false, false, false, false, false, false, false, false, false, false, false, false, false, false, false, false, false, false, false, false, false, false, false, false, false, false, false, false, false, false, false, false, false, false, false, false, false, false, false, false, false, false, false, false, false, false, false, false, false, false, false, false, false, false, false, false, false, false, false, false, false, false, false, false, false, false, false, false, false, false, false, false, false, false, false, false, false, false, false, false, false, false, false, false, false, false, false, false, false, false, false, false, false, false, false, false, false, false, false, false, false, false, false, false, false, false, false, false, false, false, false, false, false, false, false, false, false, false, false, false, false, false, false]}}