{"solver": "bb_raw", "time": {"mu": [60814307613.35, 17586036936.2, 17907168959.45, 208028780633.35, 71253311086.95, 44148681814.2, 25409647763.35, 1093923091.2, 138126439538.05, 35333001655.2, 29761054887.25, 78353176360.05, 14873121834.0, 6110407411.8, 176248379391.9, 33510004314.35, 16461038807.65, 151248329.15, 41793924219.6, 103765635822.2, 21570449388.05, 16810578998.35, 43594380130.05, 5213175854.25, 21973579573.55, 79764656163.25, 229491676930.2, 100395433982.15, 33867975713.5, 17434361392.2, 14682457791.2, 39682589515.55, 43625508395.65, 34560724191.3, 5999442285.2, 95587869417.2, 24255495346.55, 179149427163.7, 39077943788.85, 23722298413.8, 3286035170.95, 90604840387.35, 32206925696.95, 127004823840.2, 72205747362.4, 18042358094.4, 5807526522.5, 251371956241.35, 74694517990.25, 38788569634.4, 6429873795.55, 21927166439.5, 45443418269.0, 96813759988.35, 37109040390.45, 16934614679.05, 22388634505.45, 3303597065.9, 12342356011.35, 23843730240.2, 51127926681.95, 10043648596.35, 39016330684.35, 72880593211.45, 202354157617.6, 176433916839.7, 117804555828.0, 3864704832.55, 5575704199.9, 8863970815.65, 5399539068.4, 7591367296.5, 43716036989.7, 4828545175.25, 13995248854.1, 37896945017.85, 300274580948.85, 4276910466.15, 78042508679.9, 1480280514.5, 5857796456.5, 64506902129.55, 63759736812.05, 30016256041.65, 7624580112.55, 40404468279.9, 13613961624.6, 102574640860.9, 113744610203.55, 6512354316.7, 300118585649.15, 140112169181.25, 39122645430.0, 47068750463.95, 58180362283.0, 38926347849.75, 369555098641.15, 94008041743.3, 241930019458.4, 1378608120.3, 16749225866.8, 20624420713.55, 11537117835.0, 331121762395.55, 33810229786.4, 20889317292.05, 382537718345.55, 51159120995.9, 6710630289.95, 19208761502.0, 92859077293.55, 322235162415.7, 376944620633.9, 2808905724.6, 1594502439.25, 300197627831.4, 20251045043.3, 331299513923.9, 86836068281.6, 89406687151.8, 11631135935.6, 15937675833.95, 345227184668.05, 8715014793.65, 2556476733.5, 36556294158.8, 49514793534.0, 6743756429.35], "sigma": [5170640905.249058, 1468197611.1071365, 1988848909.1408417, 7372178324.925444, 3062907881.996435, 2734690211.108299, 1913317245.0790412, 142242839.09550953, 3856157960.0432997, 2290780037.274615, 2382929213.804075, 4167496807.0905643, 1463691795.6725724, 835075804.4410003, 6621484621.828472, 2920381276.5053043, 1848244094.5941164, 8650599.489517227, 2635035445.214398, 4797276939.806209, 1451334337.3267913, 1197878327.110748, 1701452451.2902064, 493618892.68319136, 2295855433.8849554, 4802800247.910494, 16571742204.574663, 2929784781.516074, 1323766986.3862407, 600528047.6717869, 735002441.6702127, 1833879696.284588, 3074959470.5299783, 503811366.1082853, 194106791.4023129, 4396788556.230539, 642251953.1397767, 4421684739.78781, 1744870174.6614738, 916279141.5508775, 44129596.07944939, 2401562369.948657, 2001502716.2585764, 4202388714.480227, 2377834530.9316854, 320513587.33320403, 83743434.22353664, 8066742171.21862, 2208880881.1640778, 883345557.7434243, 225638820.67562887, 605832439.7384298, 1304053126.5690856, 2195813920.988905, 653627402.5354054, 630195027.7648344, 470567434.88819814, 72641289.5206225, 1094356946.3689945, 985392451.7270162, 2938495822.297562, 462572128.0285875, 1390045358.994352, 2911293510.756329, 3990514055.80351, 6698180210.717609, 3662790124.826006, 48736668.96734486, 118148623.33787633, 1058111069.8095936, 284238676.47306126, 106766891.4960616, 1266685291.7563126, 61569963.58565253, 261664650.75761864, 1520877969.256887, 6501635.445494806, 85933297.63104774, 2074449808.55398, 18688259.89744314, 225873857.48608586, 1588769698.8776207, 1830499573.334143, 1128742231.0684319, 1027455252.4311157, 1206835984.0159762, 404654061.593931, 2106951609.6196573, 3659799851.9653645, 477117471.72327524, 6105097.275122954, 3909856503.6482244, 649490650.4664218, 1401411918.5226908, 1030647902.2490225, 896576971.4602638, 15596405260.807573, 2039727565.1146383, 5869811531.2453785, 12787802.622107193, 1189043425.0688238, 397142772.84178436, 201479886.55090424, 1237723944.0362418, 1699737278.8972466, 548873905.2948406, 6094584356.159003, 1429272329.2061431, 98437705.92253016, 1565274120.8618777, 4556084141.651902, 296852522.4051382, 1482981285.7092805, 41872502.5929982, 21614094.94791656, 3925714.540003633, 737115607.4359944, 1918113177.7562137, 1956736861.3119392, 1317533012.4909294, 675999654.8741082, 321928536.2652319, 4237401729.078808, 493715242.8169604, 29097414.81947169, 603973051.5174863, 3143146884.2763433, 149100630.9693001]}, "instance": {"obj": [1000.0000000000003, 1074.99999, 1155.9999900000003, 1243.0000000000005, 1336.0000000000002, 1437.0, 1545.0000000000002, 1661.0000000000005, 1785.9999900000005, 1919.9999900000005, 2064.9999900000003, 2220.0, 2387.0, 2566.9999900000003, 2759.9999900000003, 2967.0000000000005, 3190.9999900000007, 3431.000000000001, 3689.000000000001, 3965.9999900000007, 4265.0, 4585.0, 4930.0, 5301.0, 5700.000000000001, 6128.999990000001, 6590.000000000001, 7085.000000000002, 7618.0, 8190.999990000001, 8808.0, 9469.999990000002, 10182.0, 10948.0, 11771.999990000004, 12657.000000000002, 13610.000000000002, 14633.000000000004, 15733.999990000002, 16916.999990000004, 18190.000000000004, 19557.999990000004, 21029.000000000004, 22611.0, 24312.000000000004, 26141.0, 28107.000000000004, 30221.000000000004, 32493.999990000004, 34938.0, 37566.00000000001, 40391.99999000001, 43430.000000000015, 46696.99999000001, 50209.00000000001, 53986.000000000015, 58046.00000000001, 62413.00000000001, 67107.00000000001, 72155.00000000001, 77582.00000000001, 83417.99999000001, 89692.00000000001, 96437.99999000001, 103692.00000000003, 111492.00000000003, 119877.99999000001, 128895.00000000001, 138590.00000000003, 149013.99999000004, 160221.99999000004, 172274.00000000003, 185232.00000000003, 199163.99999000007, 214144.99999000004, 230252.00000000003, 247570.99999000004, 266192.99999000004, 286215.00000000006, 307742.9999900001, 330891.00000000006, 355779.00000000006, 382540.00000000006, 411312.99999000004, 442250.9999900001, 475516.00000000006, 511282.99999000004, 549739.9999900002, 591088.9999900002, 635548.9999900002, 683352.9999900002, 734753.0000000001, 790019.0000000002, 849442.0000000001, 913333.9999900002, 982032.0000000001, 1055897.9999900002, 1135319.0, 1220714.0000000002, 1312532.9999900002, 1411257.0000000002, 1517407.0000000002, 1631541.9999900004, 1754261.9999700002, 1886211.9999900004, 2028087.0000000002, 2180632.9999800003, 2344652.9999900004, 2521010.999990001, 2710633.0000000005, 2914519.000000001, 3133739.9999800003, 3369449.999980001, 3622889.0000000005, 3895392.0000000005, 4188390.9999900004, 4503428.000000001, 4842161.9998200005, 5206374.000000001, 5597981.000000001, 6019043.999990001, 6471778.000000001, 6958563.999980001, 7481966.000000001, 8044735.999990001, 8649835.999990003, 9300449.000000002, 9999999.999990001], "rhs": [1000, 1075, 1156, 1243, 1336, 1437, 1545, 1661, 1786, 1920, 2065, 2220, 2387, 2567, 2760, 2967, 3191, 3431, 3689, 3966, 4265, 4585, 4930, 5301, 5700, 6129, 6590, 7085, 7618, 8191, 8808, 9470, 10182, 10948, 11772, 12657, 13610, 14633, 15734, 16917, 18190, 19558, 21029, 22611, 24312, 26141, 28107, 30221, 32494, 34938, 37566, 40392, 43430, 46697, 50209, 53986, 58046, 62413, 67107, 72155, 77582, 83418, 89692, 96438, 103692, 111492, 119878, 128895, 138590, 149014, 160222, 172274, 185232, 199164, 214145, 230252, 247571, 266193, 286215, 307743, 330891, 355779, 382540, 411313, 442251, 475516, 511283, 549740, 591089, 635549, 683353, 734753, 790019, 849442, 913334, 982032, 1055898, 1135319, 1220714, 1312533, 1411257, 1517407, 1631542, 1754262, 1886212, 2028087, 2180633, 2344653, 2521011, 2710633, 2914519, 3133740, 3369450, 3622889, 3895392, 4188391, 4503428, 4842162, 5206374, 5597981, 6019044, 6471778, 6958564, 7481966, 8044736, 8649836, 9300449, 10000000],