{"solver": "dp", "time": {"mu": [157052.85, 1141559.85, 8980898.7, 142679848.15, 1270326539.4, 10367731053.7, 160562022795.45], "sigma": [14043.663535653066, 22442.43633287757, 43031.85781072095, 463920.9252907876, 6149161.363704309, 19719081.096507873, 393426632.18190664]}, "instance": {"obj": [3485, 12778, 49325, 318592, 1250866, 5010193, 30760609], "rhs": [3485, 12778, 49325, 318592, 1250866, 5010193, 30760609], "timed_out": [false, false, false, false, false, false, false], "values": [], "counts": []}}