{"solver": "bb_full", "time": {"mu": [51738944.35, 230466152.8, 413625540.5, 190652088.9, 304860809.65, 60396070.0, 74602099.7, 282998045.65, 252397686.25, 210378889.65, 71147382.55, 119297522.1, 148646816.3, 205528909.4, 255513914.35, 191184505.7, 46502651.95, 459608899.95, 65621909.75, 111148676.5, 86692284.1, 239876796.1, 47315474.9, 193413453.8, 84718484.05, 123692393.8, 46600944.05, 188815010.85, 72565247.15, 56618548.95, 237121159.75, 255512038.9, 64926166.65, 83226128.9, 230870390.3, 103431621.95, 232262630.55, 124418750.85, 198801136.75, 218795145.4, 213583752.65, 43431547.1, 71394840.55, 99928612.55, 165689392.1, 210752167.75, 253386762.7, 68207210.35, 264224610.9, 290149856.1, 222175207.65, 65967628.0, 84885209.3, 203295914.4, 158040153.15, 241012126.8, 94745128.35, 124965798.15, 490195552.2, 87223642.55, 167303564.1, 433765445.8, 379193280.0, 100890785.05, 95406471.7, 275959610.95, 185324556.35, 116645546.05, 99714891.7, 250097522.7, 178750129.05, 345567723.85, 90919070.1, 262024353.8, 205688829.35, 110779823.2, 330155656.35, 123991308.55, 368623692.85, 71966460.5, 351119881.05, 188682782.15, 218847309.0, 215074069.1, 142594440.75, 653373738.6, 120246165.95, 240201419.0, 286861446.3, 324733325.9, 434371089.65, 531867045.75, 244644452.6, 81193958.0, 110850207.45, 82889305.5, 109944413.05, 268454313.85, 117725947.6, 308838152.05, 201512919.7, 58448795.15, 167901459.2, 423339387.1, 158828873.75, 187741050.65, 252872255.85, 182216557.15, 445828819.85, 57739931.7, 157137104.85, 157208755.05, 139170865.35, 61012811.1, 71173481.8, 67769357.75, 210619325.35, 293133009.9, 246828403.2, 123813367.05, 87982955.85, 136981899.4, 55662615.05, 114981662.1, 132431542.35, 105192192.4, 214589793.35, 248801155.15], "sigma": [9135468.869388998, 26045700.237247232, 53917677.92464267, 32332888.87886686, 51192629.127344474, 14017912.435726147, 7826954.418534655, 42241754.0418995, 47712718.14411859, 40485040.81345176, 12267808.468537593, 21896537.36165535, 28625728.438263483, 30160749.066277765, 43718814.77470601, 18146183.183718197, 3102081.6963388254, 15505652.137798032, 4575237.057509788, 5068239.457291088, 3907071.1724913507, 8845794.772801802, 2760731.3967097825, 5706673.510996785, 1852730.2880612502, 3284600.974642167, 2282347.1176189487, 6060325.747359228, 2739116.8128074515, 2568481.5790685704, 8077372.14062179, 10010981.986055508, 2563782.304767648, 3415031.591668453, 5718415.212728372, 9141618.848549386, 5726559.531900169, 6819905.451907019, 5889549.347887314, 8500854.405261239, 8187598.241660527, 1330616.9007072542, 1701008.7791055504, 1229131.982014885, 7099624.736056509, 6763262.545610263, 9731290.710141752, 3975271.737637319, 7729440.146941364, 20406582.734432023, 7381180.75627323, 362315.4613260311, 819087.0156570732, 2786160.094911395, 992075.1815806298, 2503616.8168033813, 6148300.928625252, 35433005.40026106, 87135748.8669207, 15924071.353896989, 28637054.843223393, 74159591.62713373, 50952038.40291912, 21085693.966834016, 17312300.872957945, 44661073.72553728, 21171777.133354306, 22257811.018122815, 17624672.71998046, 34338652.1401738, 36610382.09996434, 51977775.97981469, 10008570.694321532, 39546032.43944093, 42637203.97343701, 22043097.03887503, 72162727.64855261, 20230754.451592363, 61619673.898793526, 12459655.589393144, 48763565.06754125, 34156866.987277426, 43577439.109767266, 43456027.66972325, 26716104.300514672, 99851952.36518978, 21970649.188779987, 33959371.95097409, 52868511.642660655, 36450813.50002688, 84554811.83154908, 94177105.20164768, 38280643.34809768, 7540041.907287065, 22205420.12433805, 13148374.217466833, 23103267.847198494, 58928522.04396059, 25576130.446418095, 51666890.49196138, 37895822.57978606, 12499024.595653363, 33128723.33956025, 73716051.71702504, 26363179.733344145, 37422706.27119229, 43868717.6480585, 36082598.17268986, 32596762.703371122, 1794002.3664687525, 1610122.8535257888, 4826389.693042884, 3811202.7512237527, 735527.3427272865, 608280.6226373344, 416639.86937501427, 46648486.23503384, 37237009.78629928, 45025617.31573212, 25209721.21309502, 19258222.391663115, 30146196.155298978, 10000527.578232715, 22926960.686866824, 23241204.95832291, 19236564.385669306, 44547619.6378917, 54562716.29747433]}, "instance": {"obj": [50345.0, 89591.0, 128836.0, 168082.0, 207327.0, 246573.0, 285818.0, 325064.0, 364309.0, 403555.0, 442800.0, 482045.0, 521291.0, 560536.0, 599782.0, 639027.0, 678273.0, 717518.0, 756764.0, 796009.0, 835255.0, 874500.0, 913746.0, 952991.0, 992237.0, 1031482.0, 1070728.0, 1109973.0, 1149219.0, 1188464.0, 1227710.0, 1266955.0, 1306201.0, 1345446.0, 1384691.0, 1423937.0, 1463182.0, 1502428.0, 1541673.0, 1580919.0, 1620164.0, 1659410.0, 1698655.0, 1737901.0, 1777146.0, 1816392.0, 1855637.0, 1894883.0, 1934128.0, 1973374.0, 2012619.0, 2051865.0, 2091110.0, 2130356.0, 2169601.0, 2208847.0, 2248092.0, 2287337.0, 2326583.0, 2365828.0, 2405074.0, 2444319.0, 2483565.0, 2522810.0, 2562056.0, 2601301.0, 2640547.0, 2679792.0, 2719038.0, 2758283.0, 2797529.0, 2836774.0, 2876020.0, 2915265.0, 2954511.0, 2993756.0, 3033002.0, 3072247.0, 3111493.0, 3150738.0, 3189984.0, 3229229.0, 3268474.0, 3307720.0, 3346965.0, 3386211.0, 3425456.0, 3464702.0, 3503947.0, 3543193.0, 3582438.0, 3621684.0, 3660929.0, 3700175.0, 3739420.0, 3778666.0, 3817911.0, 3857157.0, 3896402.0, 3935648.0, 3974893.0, 4014139.0, 4053384.0, 4092630.0, 4131875.0, 4171120.0, 4210366.0, 4249611.0, 4288857.0, 4328102.0, 4367348.0, 4406593.0, 4445839.0, 4485084.0, 4524330.0, 4563575.0, 4602821.0, 4642066.0, 4681312.0, 4720557.0, 4759803.0, 4799048.0, 4838294.0, 4877539.0, 4916785.0, 4956030.0, 4995276.0, 5034521.0], "rhs": [50345, 89591, 128836, 168082, 207327, 246573, 285818, 325064, 364309, 403555, 442800, 482045, 521291, 560536, 599782, 639027, 678273, 717518, 756764, 796009, 835255, 874500, 913746, 952991, 992237, 1031482, 1070728, 1109973, 1149219, 1188464, 1227710, 1266955, 1306201, 1345446, 1384691, 1423937, 1463182, 1502428, 1541673, 1580919, 1620164, 1659410, 1698655, 1737901, 1777146, 1816392, 1855637, 1894883, 1934128, 1973374, 2012619, 2051865, 2091110, 2130356, 2169601, 2208847, 2248092, 2287337, 2326583, 2365828, 2405074, 2444319, 2483565, 2522810, 2562056, 2601301, 2640547, 2679792, 2719038, 2758283, 2797529, 2836774, 2876020, 2915265, 2954511, 2993756, 3033002, 3072247, 3111493, 3150738, 3189984, 3229229, 3268474, 3307720, 3346965, 3386211, 3425456, 3464702, 3503947, 3543193, 3582438, 3621684, 3660929, 3700175, 3739420, 3778666, 3817911, 3857157, 3896402, 3935648, 3974893, 4014139, 4053384, 4092630, 4131875, 4171120, 4210366, 4249611, 4288857, 4328102, 4367348, 4406593, 4445839, 4485084, 4524330, 4563575, 4602821, 4642066, 4681312, 4720557, 4759803, 4799048, 4838294, 4877539, 4916785, 4956030, 4995276, 5034521], "timed_out": [false, false, false, false, false, false, false, false, false, false, false, false, false, false, false, false, false, false, false, false, false, false, false, false, false, false, false, false, false, false, false, false, false, false, false, false, false, false, false, false, false, false, false, false, false, false, false, false, false, false, false, false, false, false, false, false, false, false, false, false, false, false, false, false, false, false, false, false, false, false, false, false, false, false, false, false, false, false, false, false, false, false, false, false, false, false, false, false, false, false, false, false, false, false, false, false, false, false, false, false, false, false, false, false, false, false, false, false, false, false, false, false, false, false, false, false, false, false, false, false, false, false, false, false, false, false, false, false]}}