{"solver": "bb_raw", "time": {"mu": [19696900.7, 12678198.4, 55662253.7, 126841388.15, 49212916.25, 141645677.95, 1616453733.5, 2137263319.45, 7817199319.65, 19786271657.7, 24317180579.35, 38907106198.7, 51915225864.7, 80846859971.35, 116750730116.0, 141287800725.5, 170991942675.25, 363590181305.9, 661082266866.65, 1072538003402.9], "sigma": [11684229.466969538, 1969167.9893444283, 8750243.28085508, 21042684.701624952, 8265152.173766585, 21043027.06424449, 251590430.1191224, 441840667.04286474, 595678685.5535252, 2852342595.2266803, 163313613.59832978, 202574775.55944866, 600326529.5348872, 1025403202.5806466, 837955553.3457863, 1654873511.355135, 1988085625.595466, 2803921560.944429, 3438670643.7799497, 5727832976.397389]}, "instance": {"obj": [3485.0, 12778.0, 49325.0, 318592.0, 1250866.0, 5010193.0, 30760609.0, 124512023.0, 500821276.0, 225083703.0, 400314062.0, 627321623.0, 901076750.0, 1222505325.0, 1598625279.0, 2024816442.0, 2494914202.0, 5627067698.153, 9994195748.754, 15613785066.155], "rhs": [3485, 12778, 49325, 318592, 1250866, 5010193, 30760609, 124512023, 500821276, 225083703, 400314062, 627321623, 901076750, 1222505325, 1598625279, 2024816442, 2494914202, 5627067690, 9994195562, 15613784726], "timed_out": [false, false, false, false, false, false, false, false, false, false, false, false, false, false, false, false, false, true, true, true]}}