{"solver": "dioph", "time": {"mu": [18719075.3, 18786116.65, 18824804.85, 18762395.15, 18738519.75, 18793450.55, 18784612.7, 18761585.1, 18803471.35, 18839855.6, 19150095.75, 19143584.65, 19084347.0, 18889033.45, 18781259.6, 18763667.1, 18721535.65, 18779016.2, 18863729.65, 18828628.85, 18837857.15, 18997463.45, 18891609.9, 18915969.4, 19014398.1, 18944998.25, 18862105.75, 18981422.25, 19205448.2, 19142388.85, 19193056.9, 18759722.15, 18852357.45, 18854826.55, 18857809.15, 18808845.35, 18877712.45, 18871940.05, 18873485.05, 18896449.25, 18828815.4, 18804349.0, 18929169.65, 18954588.2, 18871113.95, 19085785.75, 19214460.1, 19184630.8, 19080839.6, 18870313.7, 18906730.15, 18931452.35, 19089848.95, 19195610.2, 19007471.55, 18923557.65, 18976462.2, 19062603.55, 19026140.4, 19176923.1, 19139872.75, 19230946.45, 19177627.75, 19239288.95, 19255935.2, 19252754.75, 21427254.8, 21235827.6, 19257420.75, 19305012.75, 19289040.95, 19486894.8, 19469556.8, 19358039.5, 19261292.2, 19253242.2, 19322149.15, 19374797.6, 19510346.6, 19559945.9, 19601342.0, 19618333.0, 19746745.75, 19821521.75, 19553626.9, 19417277.55, 19322921.75, 19369244.45, 19515351.05, 19455497.95, 19473885.7, 19522622.05, 19451715.95, 19427253.65, 19561825.75, 19526896.65, 19643336.6, 19597731.9, 19697203.7, 19901644.85, 19746598.95, 19819229.75, 19542434.95, 19642815.5, 19670717.6, 19676184.85, 19636649.4, 19658794.45, 19549875.45, 19614961.05, 19650915.45, 19668972.15, 19763391.2, 19757812.35, 19736286.3, 19688686.35, 19875709.5, 19926093.65, 20003765.1, 19883412.65, 19791622.6, 19779368.1, 19733675.7, 19730596.3, 19741198.4, 19669387.1, 19665519.75, 19639200.35], "sigma": [142943.605036576, 98617.10757548745, 145480.37345265402, 137551.78896932065, 141425.98011750658, 154513.65032305484, 116110.63941236121, 145314.55515170132, 157315.52814387664, 108938.44769960696, 132268.89424672, 92382.45492589062, 122665.87234992633, 118995.2203173127, 90082.81980044808, 89173.6251825617, 120794.82704472815, 90900.07574925915, 65845.54561066214, 95098.86749022664, 64471.29852094121, 65793.8446012879, 97822.00138753632, 73760.51458562937, 80948.15856941372, 75636.0576423114, 62484.701291280304, 97314.99708563072, 61958.30382612589, 50476.19495551187, 159656.3429187829, 30269.467065840458, 93853.76011841928, 83163.91688294364, 99355.56361995776, 52496.671888771845, 76712.98441008948, 103310.52001992267, 37747.43511464336, 86722.34557535968, 75600.74882837158, 67845.52070619502, 97402.1693280926, 153411.51848012896, 113511.9917330671, 169348.59788174558, 126276.44999132074, 105936.64239067862, 220526.38189506106, 151022.39343993433, 169011.70006720806, 170628.39261736846, 201168.12525543614, 155812.6575013792, 152725.33649435235, 132836.93716665715, 108371.4651516523, 110528.54236824984, 74083.86121246225, 145227.99857896764, 99268.40682283934, 138861.17675027478, 92432.53963318045, 112240.39465102759, 131186.49255829415, 123442.13414554973, 4793124.202263, 3848460.8476700396, 188666.03938730495, 211105.42945818254, 325333.4500179413, 244430.00743073563, 444702.63399390364, 246638.2350132957, 198139.86608098197, 134630.92213259806, 162930.3003922956, 133516.31854586952, 114200.44037171983, 352271.5329634379, 432400.3969026612, 111602.62381607154, 74651.98031629661, 88578.65306629738, 103609.8204250726, 81327.39489021487, 115195.96861544244, 79862.41871030783, 109804.2054776424, 93597.60260283042, 147707.7657029511, 114727.13475000035, 105151.60396427877, 133259.86484438868, 111772.79915778163, 132416.17608818953, 140112.00615575197, 119518.2206703229, 171644.97996648413, 181110.11743230894, 157581.1863094119, 191385.61090137393, 177131.35008071954, 171662.0787558786, 176167.38723557923, 222456.12870555068, 203233.51410693224, 186454.72534342515, 200707.76490249514, 147830.62262798028, 220117.3755879672, 223076.72517067095, 198268.06609144626, 170392.8869751116, 216870.94135382623, 201153.47091822702, 219849.8772546729, 181192.42590922792, 168987.24533367352, 196802.2402020751, 189543.72933397608, 162483.9693469061, 197368.9655258581, 208488.16716823145, 185929.2266171813, 188328.6887424833, 182880.98422482167, 242436.5066608651]}, "instance": {"obj": [50345, 89591, 128836, 168082, 207327, 246573, 285818, 325064, 364309, 403555, 442800, 482045, 521291, 560536, 599782, 639027, 678273, 717518, 756764, 796009, 835255, 874500, 913746, 952991, 992237, 1031482, 1070728, 1109973, 1149219, 1188464, 1227710, 1266955, 1306201, 1345446, 1384691, 1423937, 1463182, 1502428, 1541673, 1580919, 1620164, 1659410, 1698655, 1737901, 1777146, 1816392, 1855637, 1894883, 1934128, 1973374, 2012619, 2051865, 2091110, 2130356, 2169601, 2208847, 2248092, 2287337, 2326583, 2365828, 2405074, 2444319, 2483565, 2522810, 2562056, 2601301, 2640547, 2679792, 2719038, 2758283, 2797529, 2836774, 2876020, 2915265, 2954511, 2993756, 3033002, 3072247, 3111493, 3150738, 3189984, 3229229, 3268474, 3307720, 3346965, 3386211, 3425456, 3464702, 3503947, 3543193, 3582438, 3621684, 3660929, 3700175, 3739420, 3778666, 3817911, 3857157, 3896402, 3935648, 3974893, 4014139, 4053384, 4092630, 4131875, 4171120, 4210366, 4249611, 4288857, 4328102, 4367348, 4406593, 4445839, 4485084, 4524330, 4563575, 4602821, 4642066, 4681312, 4720557, 4759803, 4799048, 4838294, 4877539, 4916785, 4956030, 4995276, 5034521], "rhs": [50345, 89591, 128836, 168082, 207327, 246573, 285818, 325064, 364309, 403555, 442800, 482045, 521291, 560536, 599782, 639027, 678273, 717518, 756764, 796009, 835255, 874500, 913746, 952991, 992237, 1031482, 1070728, 1109973, 1149219, 1188464, 1227710, 1266955, 1306201, 1345446, 1384691, 1423937, 1463182, 1502428, 1541673, 1580919, 1620164, 1659410, 1698655, 1737901, 1777146, 1816392, 1855637, 1894883, 1934128, 1973374, 2012619, 2051865, 2091110, 2130356, 2169601, 2208847, 2248092, 2287337, 2326583, 2365828, 2405074, 2444319, 2483565, 2522810, 2562056, 2601301, 2640547, 2679792, 2719038, 2758283, 2797529, 2836774, 2876020, 2915265, 2954511, 2993756, 3033002, 3072247, 3111493, 3150738, 3189984, 3229229, 3268474, 3307720, 3346965, 3386211, 3425456, 3464702, 3503947, 3543193, 3582438, 3621684, 3660929, 3700175, 3739420, 3778666, 3817911, 3857157, 3896402, 3935648, 3974893, 4014139, 4053384, 4092630, 4131875, 4171120, 4210366, 4249611, 4288857, 4328102, 4367348, 4406593, 4445839, 4485084, 4524330, 4563575, 4602821, 4642066, 4681312, 4720557, 4759803, 4799048, 4838294, 4877539, 4916785, 4956030, 4995276, 5034521], "timed_out": [false, false, false, false, false, false, false, false, false, false, false, false, false, false, false, false, false, false, false, false, false, false, false, false, false, false, false, false, false, false, false, false, false, false, false, false, false, false, false, false, false, false, false, false, false, false, false, false, false, false, false, false, false, false, false, false, false, false, false, false, false, false, false, false, false, false, false, false, false, false, false, false, false, false, false, false, false, false, false, false, false, false, false, false, false, false, false, false, false, false, false, false, false, false, false, false, false, false, false, false, false, false, false, false, false, false, false, false, false, false, false, false, false, false, false, false, false, false, false, false, false, false, false, false, false, false, false, false],