{"solver": "bb_full", "time": {"mu": [50009690.85, 37423574.35, 112606856.85, 155361513.75, 271618143.7, 117380238.4, 263182964.45, 297453978.1, 50141505.45, 80325885.55, 127216373.05, 277618411.35, 125679496.65, 18336606.75, 44384014.75, 98324960.0, 80500808.15, 100304969.35, 77873331.85, 60923284.2, 264693178.1, 164665256.4, 420622208.75, 114356271.2, 63312419.4, 368655504.5, 64115165.1, 93125945.25, 48617066.15, 41102743.85, 38408698.4, 25624421.8, 119705761.55, 264567234.1, 179709167.95, 123593532.65, 21668690.55, 110577348.35, 232474087.0, 90097544.6, 164633519.25, 71808783.3, 207163362.1, 176266752.85, 40649492.3, 387837654.9, 165985982.1, 99642233.35, 192459364.7, 93858754.8, 142737503.05, 92820103.0, 53033805.45, 65777937.15, 29416097.75, 22920579.0, 38109259.25, 507152138.9, 99156716.5, 88090110.3, 210162431.35, 145949322.45, 109660268.9, 116115950.25, 58222032.05, 164178756.5, 214834546.9, 81843914.45, 24663955.85, 50076629.5, 369880588.3, 53667935.1, 29912250.75, 24402192.55, 283627515.65, 28935433.5, 172794552.95, 133707323.0, 355137441.75, 1521467854.15, 312771758.9, 186676276.7, 29667578.85, 19250237.6, 181970285.35, 95682232.0, 139774318.9, 255967991.55, 49266513.45, 325499312.9, 142662523.05, 149405122.8, 131820459.05, 83601189.95, 100348340.9, 216012401.35, 70501771.75, 19145954.7, 2258477036.95, 261408884.05, 101844755.1, 116872504.75, 186570341.25, 83318422.8, 245025718.85, 24356755.55, 246349612.05, 311272863.45, 38264344.55, 34800551.65, 183635594.45, 431476895.75, 135668270.65, 1423752996.85, 126701057.2, 44882456.7, 134349809.05, 71271896.25, 47525008.45, 98847695.4, 193387232.85, 406188996.3, 189267970.1, 29859064.65, 157610587.8, 182092870.8, 111800252.6, 59268122.9], "sigma": [14957562.981585005, 1368954.1552594956, 16844700.63684477, 13039872.94436964, 35189941.19816055, 10250316.725783875, 34789217.47378391, 26173012.321839795, 6163519.51481148, 7470985.559582938, 18103429.74423287, 19433094.17083492, 13012458.615147142, 1950886.4419303527, 4927555.540589342, 9909507.309504082, 8406377.619068464, 13047939.89453761, 10038039.03545337, 7601917.684060444, 12468142.665706873, 17690657.95929685, 52546419.153210945, 9786019.554694101, 5679114.917218661, 46069792.32362642, 3658495.276963308, 8395343.643828265, 5315065.480964466, 5207849.432882569, 2854738.284793849, 3870950.8714556317, 8658790.021286331, 21960503.622803647, 13972924.774457319, 7553333.652461515, 2149665.5617012046, 12903629.1464219, 24191143.173122127, 9045046.898735965, 8171883.2665054435, 6185725.193431925, 11345813.95881619, 18555829.299874317, 7010329.487247237, 39301204.33004962, 14200090.361770956, 7372594.659425607, 22239054.889655743, 6463097.061507331, 9481142.67779097, 9623807.327253727, 4891537.4650986185, 7472597.854085104, 3819551.0766752334, 2572368.090712177, 4995371.624966264, 45622123.14219754, 13002810.6329966, 11598828.377302516, 22216680.27221274, 11182436.990547653, 8136398.334210659, 9434094.253438976, 7276848.266424302, 19871901.540114503, 27010785.716081697, 8167070.663618133, 3876186.475293852, 5927876.955238967, 30866639.902723357, 4316307.890140356, 4504086.163097669, 2921812.520803509, 25024783.90858149, 5082371.579188593, 21183532.885619137, 14906076.782386437, 35672076.408825874, 104796716.6223066, 36026279.61973668, 24422977.787102774, 2787813.8037954113, 2519788.323883417, 20284509.517018802, 8135770.040262239, 17242341.978312265, 27964972.345244166, 7460922.76362594, 56283330.12713018, 17649122.754040755, 9174910.775842654, 12515918.721171398, 11871168.48769876, 9912655.730152529, 27164507.846747957, 7830422.750074312, 2082829.2943504085, 141368414.64934778, 23817927.436971903, 7154658.920755555, 13158052.219943732, 20971263.67497257, 11318838.898785606, 21902574.42827215, 2466546.0880778735, 13724783.33940547, 37206206.76926955, 2195397.2418588195, 3436059.8326502633, 15399907.621195875, 42661345.06892332, 17955347.396570884, 108369853.70185521, 12162275.945224853, 5875988.637054042, 6370770.024802591, 7959013.845567406, 3769686.3334994847, 10551187.442609552, 18337440.511839837, 27159269.27465512, 21413326.59399304, 2660020.5863121334, 15143094.243328398, 12911361.59688189, 8491704.714919772, 7293999.733820431]}, "instance": {"obj": [999.9999999999999, 1075.0000000000002, 1155.9999999999982, 1243.0000000000005, 1336.0000000000018, 1436.999999999999, 1545.0, 1661.0000000000002, 1786.0, 1920.0000000000016, 2065.0, 2219.9999999999977, 2387.000000000001, 2567.0, 2760.0, 2966.9999999999995, 3191.0, 3430.999999999999, 3689.0000000000005, 3965.999999999998, 4265.0, 4585.0, 4929.999999999998, 5301.0, 5700.0, 6129.000000000002, 6589.999999999999, 7084.999999999999, 7618.0, 8191.0, 8808.000000000002, 9470.000000000002, 10182.0, 10948.0, 11771.999999999998, 12657.0, 13610.000000000002, 14633.0, 15734.0, 16917.0, 18190.000000000004, 19558.0, 21028.999999999996, 22611.0, 24312.0, 26141.0, 28107.0, 30221.0, 32494.0, 34938.0, 37566.0, 40392.0, 43430.0, 46697.00000000001, 50209.0, 53986.0, 58046.0, 62413.0, 67107.0, 72155.0, 77582.0, 83417.99999999999, 89692.0, 96438.00000000001, 103692.0, 111492.0, 119878.00000000003, 128895.00000000001, 138589.99999999997, 149014.0, 160222.0, 172274.0, 185232.0, 199164.0, 214145.0, 230252.00000000003, 247571.00000000003, 266193.00000000006, 286215.00000000006, 307743.00000000006, 330891.00000000006, 355779.0, 382540.0, 411313.00000000006, 442251.00000000006, 475516.0, 511283.00000000006, 549740.0, 591089.0, 635549.0000000001, 683353.0000000001, 734752.9999999999, 790019.0000000001, 849442.0, 913334.0, 982032.0, 1055898.0, 1135319.0000000002, 1220714.0, 1312533.0, 1411257.0, 1517406.9999999998, 1631542.0000000002, 1754262.0000000002, 1886211.9999999998, 2028087.0, 2180633.0, 2344653.0, 2521011.0, 2710633.0, 2914519.0, 3133740.0000000005, 3369450.0000000005, 3622889.0, 3895392.0, 4188391.0, 4503427.999999999, 4842162.0, 5206374.0, 5597981.000000001, 6019044.0, 6471778.0, 6958564.000000001, 7481966.0, 8044736.000000001, 8649835.999999998, 9300448.999999998, 10000000.000000002], "rhs": [1000, 1075, 1156, 1243, 1336, 1437, 1545, 1661, 1786, 1920, 2065, 2220, 2387, 2567, 2760, 2967, 3191, 3431, 3689, 3966, 4265, 4585, 4930, 5301, 5700, 6129, 6590, 7085, 7618, 8191, 8808, 9470, 10182, 10948, 11772, 12657, 13610, 14633, 15734, 16917, 18190, 19558, 21029, 22611, 24312, 26141, 28107, 30221, 32494, 34938, 37566, 40392, 43430, 46697, 50209, 53986, 58046, 62413, 67107, 72155, 77582, 83418, 89692, 96438, 103692, 111492, 119878, 128895, 138590, 149014, 160222, 172274, 185232, 199164, 214145, 230252, 247571, 266193, 286215, 307743, 330891, 355779, 382540, 411313, 442251, 475516, 511283, 549740, 591089, 635549, 683353, 734753, 790019, 849442, 913334, 982032, 1055898, 1135319, 1220714, 1312533, 1411257, 1517407, 1631542, 1754262, 1886212, 2028087, 2180633, 2344653, 2521011, 2710633, 2914519, 3133740, 3369450, 3622889, 3895392, 4188391, 4503428, 4842162, 5206374, 5597981, 6019044, 6471778, 6958564, 7481966, 8044736, 8649836, 9300449, 10000000], "timed_out": [false, false, false, false, false, false, false, false, false, false, false, false, false, false, false, false, false, false, false, false, false, false, false, false, false, false, false, false, false, false, false, false, false, false, false, false, false, false, false, false, false, false, false, false, false, false, false, false, false, false, false, false, false, false, false, false, false, false, false, false, false, false, false, false, false, false, false, false, false, false, false, false, false, false, false, false, false, false, false, false, false, false, false, false, false, false, false, false, false, false, false, false, false, false, false, false, false, false, false, false, false, false, false, false, false, false, false, false, false, false, false, false, false, false, false, false, false, false, false, false, false, false, false, false, false, false, false, false]}}