{"solver": "bb_raw", "time": {"mu": [3372627864.65, 22747886017.15, 7838567762.3, 1323039378.1, 183865189.05, 6288751694.45, 3197018600.95, 208048805.05, 12310802176.4, 321739013.4, 61903372.05, 3662263558.55, 2045966339.1, 9224765586.7, 9450021264.85, 11665420968.0, 14254651170.6, 5069390459.9, 296469382.95, 4185757971.35, 7068662230.85, 7762237425.85, 746720491.75, 811241926.35, 4385580759.65, 12816600190.7, 6427494747.25, 2004422125.85, 32399897077.35, 12920285156.8, 3929313543.25, 10150280359.95, 6044551135.05, 265237615.5, 15251761702.35, 1519573583.45, 15731291255.5, 4496575340.9, 7629112366.0, 3442447386.7, 170905514.8, 4827835714.75, 9488708626.15, 8700523798.1, 4208679469.65, 6878099576.8, 3174050349.6, 7535826652.45, 20581289809.15, 605464340.55, 6922481446.5, 9908972586.5, 18655242454.9, 3551647068.15, 6051594002.95, 8916857934.75, 5018119034.0, 12580665386.9, 734701310.25, 29121487181.3, 7354402186.1, 385580221.85, 12162556549.3, 15582188026.65, 15052794070.0, 793583655.2, 9393915867.7, 20792333371.55, 4914140704.95, 5785599340.0, 44821014.15, 142628936971.25, 2016962373.65, 21627775.5, 357036138.55, 3719508317.9, 13257005058.3, 22668692834.6, 24501163917.6, 409362763.95, 4692060093.75, 4111497773.2, 4372504592.4, 8268802033.95, 21588958216.65, 666904022.95, 960282505.05, 178631235165.2, 3152845345.4, 104266461326.55, 12538110080.65, 4918794876.05, 2606857379.4, 2243493002.2, 28201839333.3, 1928509433.95, 2710483748.45, 4702473459.6, 6729979391.0, 2362414532.5, 5525339982.25, 15768743224.7, 3044069153.75, 8716443367.35, 5039708845.5, 571163022.25, 2749268892.65, 2281855045.6, 70695547619.3, 203120777.4, 1710145504.2, 73250148754.9, 20704279576.7, 7115921728.3, 3108574824.75, 10578963754.85, 479050119.4, 2811884338.1, 37304018922.6, 588352128.7, 5690596177.1, 15452628625.2, 24368071232.45, 17379905536.2, 1963785694.55, 4504776329.2, 3577092542.1, 5606024331.6], "sigma": [186779502.98150074, 1398606391.5285587, 673288563.4145094, 168882492.2160717, 31190411.120381195, 656774524.5364803, 278236109.21410954, 38492027.325536, 883574445.5653847, 49411785.693470865, 1653835.9583592473, 489481813.1325472, 315999984.15411216, 861497066.1322019, 869661298.8051615, 1230855092.9501128, 1628087646.2515545, 717753847.5282327, 12311139.87476459, 619200832.8390251, 976711159.0189297, 908814634.4001813, 118889106.96274924, 89470529.24784362, 479042044.72549385, 1440752608.8755195, 1030529832.5378114, 351129963.3175119, 2376670256.2495255, 1605418559.4016945, 635932226.4644482, 1186493025.6260252, 808313147.2004535, 38502332.08206611, 1416235421.2557428, 244324719.5378633, 1075136708.8499281, 662661135.4122074, 1052338469.3910402, 565582644.6578759, 26744858.95580595, 639426130.6646689, 1220045275.8115783, 822563400.6677184, 492547406.60432917, 1009296388.8267229, 509830826.3629058, 1087035274.4077327, 1771411371.677181, 121805223.74692176, 1256857402.6440232, 958305004.9002067, 1700720951.168292, 440824735.68442196, 513757650.8397336, 958731720.4284011, 750571493.8281986, 1872065033.2022011, 139536012.06978783, 1970571505.7856126, 867040739.7304373, 16823688.449892946, 879739897.1991589, 1828104651.6903226, 1467864114.496212, 148444869.30004302, 1324911079.3572407, 1962501305.41647, 849822000.7371618, 834159858.1071825, 1135746.180972356, 3104817563.150674, 343000914.721126, 365596.3569936112, 46227113.623615436, 462902161.3061665, 920888271.5473213, 1359851758.2950947, 2242610055.996279, 44921438.84935386, 606543147.4289414, 353352688.74389905, 716142192.1218675, 751049678.7888043, 2368930887.8890157, 121553981.3541663, 153162812.43038902, 2892394816.649166, 494687050.12944597, 3751050678.6832585, 1520213677.022248, 505279601.43623114, 420029220.2247249, 336045808.3234168, 2340737813.643551, 189223155.1094037, 275378625.6605051, 566811084.0294759, 444655901.1769147, 218488830.5950791, 308913046.88988745, 934041359.376326, 492805851.8498025, 1023394620.1874224, 746343284.3304948, 66893899.61661014, 311079103.60890305, 317269620.64380246, 3388171429.84988, 15247619.737411048, 73770163.17555359, 1810842419.6965265, 2050354636.4085512, 575515909.588343, 176078085.7923958, 1071153685.3612075, 48137757.72003909, 242517431.3476059, 1615847346.0288925, 111589170.82091407, 430074508.02237535, 1495921908.5371377, 1096327450.7534933, 1308995632.8563385, 217188538.7194864, 685407642.4928194, 349183568.8242204, 527464330.4754445]}, "instance": {"obj": [1000.0000000000002, 1075.0, 1156.0, 1243.0, 1336.0, 1437.0, 1545.0000000000002, 1661.0, 1786.0, 1920.0, 2065.0, 2220.0000000000005, 2387.0000000000005, 2567.0000000000005, 2760.0000000000005, 2967.0, 3191.0, 3431.0, 3689.0, 3966.0, 4265.0, 4585.0, 4929.999999999999, 5301.0, 5700.000000000001, 6129.0, 6590.000000000001, 7085.000000000001, 7618.0, 8191.000000000001, 8808.0, 9470.000000000002, 10182.000000000002, 10948.000000000002, 11772.000000000002, 12657.000000000002, 13610.0, 14633.0, 15734.0, 16917.000000000004, 18190.0, 19558.0, 21029.000000000004, 22611.000000000004, 24312.0, 26141.0, 28107.0, 30221.000000000004, 32494.0, 34938.0, 37566.00000000001, 40392.00000000001, 43430.00000000001, 46697.00000000001, 50209.0, 53986.000000000015, 58046.0, 62413.0, 67107.00000000001, 72154.99999999999, 77582.00000000001, 83418.0, 89692.0, 96438.0, 103692.00000000001, 111491.99999999999, 119877.99999999999, 128895.00000000001, 138590.0, 149014.0, 160222.0, 172274.0, 185232.0, 199164.0, 214145.00000000003, 230252.0, 247571.0, 266193.00000000006, 286215.0, 307743.0, 330891.0, 355779.0, 382540.00000000006, 411313.00000000006, 442250.99999999994, 475516.0, 511283.0, 549740.0, 591089.0, 635549.0, 683353.0, 734753.0, 790019.0, 849442.0, 913334.0, 982032.0, 1055898.0, 1135319.0, 1220714.0, 1312533.0, 1411257.0, 1517407.0, 1631542.0, 1754262.0, 1886212.0, 2028087.0, 2180633.0000000005, 2344653.0, 2521011.0, 2710633.0, 2914519.0000000005, 3133740.0, 3369450.0000000005, 3622889.0000000005, 3895392.0, 4188390.9999999995, 4503427.999999999, 4842162.0, 5206374.000000001, 5597981.0, 6019044.0, 6471778.0, 6958564.000000001, 7481966.0, 8044736.0, 8649836.000000002, 9300449.000000002, 10000000.000000002], "rhs": [1000, 1075, 1156, 1243, 1336, 1437, 1545, 1661, 1786, 1920, 2065, 2220, 2387, 2567, 2760, 2967, 3191, 3431, 3689, 3966, 4265, 4585, 4930, 5301, 5700, 6129, 6590, 7085, 7618, 8191, 8808, 9470, 10182, 10948, 11772, 12657, 13610, 14633, 15734, 16917, 18190, 19558, 21029, 22611, 24312, 26141, 28107, 30221, 32494, 34938, 37566, 40392, 43430, 46697, 50209, 53986, 58046, 62413, 67107, 72155, 77582, 83418, 89692, 96438, 103692, 111492, 119878, 128895, 138590, 149014, 160222, 172274, 185232, 199164, 214145, 230252, 247571, 266193, 286215, 307743, 330891, 355779, 382540, 411313, 442251, 475516, 511283, 549740, 591089, 635549, 683353, 734753, 790019, 849442, 913334, 982032, 1055898, 1135319, 1220714, 1312533, 1411257, 1517407, 1631542, 1754262, 1886212, 2028087, 2180633, 2344653, 2521011, 2710633, 2914519, 3133740, 3369450, 3622889, 3895392, 4188391, 4503428, 4842162, 5206374, 5597981, 6019044, 6471778, 6958564, 7481966, 8044736, 8649836, 9300449, 10000000],