{"solver": "bb_raw", "time": {"mu": [310072198.9, 878821614.3, 434050607.45, 1171970940.95, 180956275.25, 571565317.65, 40767553.25, 844492525.2, 162585909.25, 100924758.3, 357122775.55, 1833893470.75, 934765763.5, 682885103.45, 335213600.4, 644159598.5, 414696534.45, 206498626.55, 1304213650.45, 146597141.85, 46885525.6, 145102275.25, 31239153.55, 870392065.25, 153627045.8, 207019889.55, 2111756946.55, 284579351.4, 563895134.95, 232668297.6, 155911164.7, 573929538.35, 748668824.95, 429426792.35, 204053317.05, 140188747.5, 1087539673.5, 553078544.1, 1305980966.9, 384963067.3, 383966018.15, 104592783.35, 75446687.5, 262546984.7, 625212011.9, 299465280.1, 418851432.15, 276120236.7, 1235690873.75, 432954752.9, 256650983.55, 2332124373.65, 11275483.3, 47715747.6, 72423078.9, 204763426.15, 721636518.45, 758200232.75, 120726189.85, 177281080.1, 308694440.95, 1182998687.2, 924469224.0, 115570303.35, 381283809.75, 149664307.75, 246519454.25, 119483079.0, 1548696752.65, 201914448.7, 13104313.5, 158106130.9, 82244100.45, 1277273041.7, 962946272.0, 69242682.75, 419986078.2, 26195320.4, 617802179.9, 339036296.1, 118750264.6, 140840274.15, 87765060.6, 653003586.7, 12733748.6, 310127122.15, 176949637.5, 480885170.25, 489290862.1, 584698007.5, 686553374.65, 139352549.55, 127737951.6, 2305053484.35, 570346691.75, 242576022.95, 159652913.05, 233926226.05, 612651760.3, 58335513.95, 183402908.35, 757724539.35, 330098198.2, 296278084.1, 227068198.75, 401181497.05, 229608977.3, 56397852.7, 64012740.5, 302216718.3, 37390596.25, 8279161.85, 98716964.55, 92383964.0, 107161297.9, 662552888.6, 298344833.95, 129048464.5, 142086758.8, 253053834.25, 541994743.3, 494100995.6, 140532856.9, 546740240.6, 519142159.65, 1094014401.85, 493689774.0, 7946990.1], "sigma": [38942255.6989295, 69626496.71571651, 43592606.673277184, 66147530.695776016, 10542699.850849336, 48819503.07534494, 9076308.828964112, 68266976.8934964, 18152589.87554434, 13232490.626395335, 28244648.38528119, 59900787.51852289, 75188491.03338516, 56907103.496903025, 38703974.2315914, 50265940.00369868, 38062677.79927677, 23988941.64395029, 88826096.81459592, 18398542.545748398, 7165362.818265766, 13753184.691581666, 6833998.98005527, 98987237.09516369, 14837611.40758554, 22697212.033468094, 93892162.95452048, 24105324.737701178, 60954973.04762626, 27960058.033293463, 17117601.12262146, 44887468.38655126, 63629763.92586828, 47979780.239573486, 26274159.75376008, 16720575.622830644, 100515022.89987311, 53796205.0608092, 98509886.53372775, 31671703.679483507, 35001742.82824917, 9829316.024447214, 11636138.449769067, 24784221.16676892, 105198235.08112004, 55279254.080962874, 74473634.65370518, 56276085.20855461, 185963496.68691486, 93769382.38518566, 56641229.88246604, 312693016.9070044, 1802920.751788903, 9186315.924338872, 13994937.23801274, 39333623.01024616, 115607076.35171533, 127979269.1093013, 21484558.342557047, 38732534.276620045, 50675647.92570982, 222512431.42200378, 169247972.76982364, 16108752.213295883, 70866470.7023339, 37536614.06914682, 47961400.33897807, 22158672.440951455, 180596630.02936462, 38749453.333830304, 2199960.2581762457, 34429953.11781287, 11237380.171876462, 194195050.10007286, 172580051.92284268, 12706885.653927289, 82303944.73013777, 1432281.411520589, 122981562.34986049, 76336506.76239865, 28278425.86681676, 30958143.459611543, 16687788.422747917, 134476148.44676754, 978567.4578124473, 68765013.34649457, 33807666.61491063, 71126256.23186561, 83198413.89752465, 103539978.03143659, 103603125.0550183, 26621054.1340325, 21692880.687613495, 191762283.90761966, 90226204.18195999, 51664736.63969425, 42389202.79341791, 37718927.96153214, 102141898.43528447, 11739494.008379929, 37314625.39382276, 148348870.13470843, 57858837.7031475, 57181860.81956816, 43725122.207839765, 89709622.98054017, 47525072.117741115, 9386678.383285813, 1238191.7366755994, 62080621.408937745, 5182185.350748688, 498754.21581980534, 15603895.944485877, 15114668.553975334, 11670578.855315018, 120247496.11451262, 55804282.46754857, 26213761.798560727, 29780464.209716678, 48624048.91626027, 91504650.4391597, 109091918.276518, 31209337.550879747, 105333676.92299199, 102934844.28520447, 236190206.42356443, 84884814.10378005, 260751.70572099913]}, "instance": {"obj": [1000.0000000000001, 1075.0, 1156.0, 1243.0000000000002, 1336.0, 1437.0, 1545.0, 1661.0000000000005, 1786.0, 1920.0, 2065.0000000000005, 2220.0000000000005, 2387.0, 2567.0, 2760.0000000000005, 2967.0, 3191.0, 3431.0, 3689.0, 3966.0000000000005, 4265.0, 4585.0, 4930.0, 5301.000000000001, 5700.0, 6129.000000000001, 6590.000000000001, 7085.0, 7618.0, 8191.000000000002, 8808.0, 9470.0, 10182.0, 10948.0, 11772.0, 12657.0, 13610.0, 14633.000000000002, 15734.0, 16917.0, 18190.000000000004, 19558.0, 21029.0, 22611.0, 24312.0, 26141.0, 28107.000000000004, 30221.000000000004, 32494.000000000004, 34938.0, 37566.0, 40392.00000000001, 43430.0, 46697.0, 50209.00000000001, 53986.0, 58046.0, 62413.0, 67107.0, 72155.0, 77581.99999999999, 83418.00000000001, 89692.00000000001, 96438.00000000001, 103692.0, 111492.00000000001, 119878.00000000001, 128895.00000000001, 138590.0, 149014.0, 160222.0, 172274.00000000003, 185232.00000000003, 199164.00000000003, 214145.00000000003, 230252.0, 247571.00000000003, 266192.99999999994, 286215.00000000006, 307743.00000000006, 330891.0, 355779.00000000006, 382540.00000000006, 411313.00000000006, 442251.0, 475516.00000000006, 511283.00000000006, 549740.0000000001, 591089.0000000001, 635549.0000000002, 683353.0000000001, 734753.0, 790019.0000000001, 849442.0, 913334.0000000001, 982032.0000000001, 1055898.0000000002, 1135319.0, 1220714.0000000002, 1312533.0, 1411257.0000000002, 1517407.0, 1631542.0, 1754262.0, 1886212.0000000002, 2028087.0, 2180633.0000000005, 2344653.0000000005, 2521011.0, 2710633.0, 2914519.0000000005, 3133740.0, 3369450.0000000005, 3622889.0, 3895392.0, 4188391.0, 4503428.000000001, 4842162.000000001, 5206374.0, 5597981.000000001, 6019044.0, 6471778.0, 6958564.0, 7481966.0, 8044736.0, 8649836.0, 9300449.0, 10000000.0], "rhs": [1000, 1075, 1156, 1243, 1336, 1437, 1545, 1661, 1786, 1920, 2065, 2220, 2387, 2567, 2760, 2967, 3191, 3431, 3689, 3966, 4265, 4585, 4930, 5301, 5700, 6129, 6590, 7085, 7618, 8191, 8808, 9470, 10182, 10948, 11772, 12657, 13610, 14633, 15734, 16917, 18190, 19558, 21029, 22611, 24312, 26141, 28107, 30221, 32494, 34938, 37566, 40392, 43430, 46697, 50209, 53986, 58046, 62413, 67107, 72155, 77582, 83418, 89692, 96438, 103692, 111492, 119878, 128895, 138590, 149014, 160222, 172274, 185232, 199164, 214145, 230252, 247571, 266193, 286215, 307743, 330891, 355779, 382540, 411313, 442251, 475516, 511283, 549740, 591089, 635549, 683353, 734753, 790019, 849442, 913334, 982032, 1055898, 1135319, 1220714, 1312533, 1411257, 1517407, 1631542, 1754262, 1886212, 2028087, 2180633, 2344653, 2521011, 2710633, 2914519, 3133740, 3369450, 3622889, 3895392, 4188391, 4503428, 4842162, 5206374, 5597981, 6019044, 6471778, 6958564, 7481966, 8044736, 8649836, 9300449, 10000000], "timed_out": [false, false, false, false, false, false, false, false, false, false, false, false, false, false, false, false, false, false, false, false, false, false, false, false, false, false, false, false, false, false, false, false, false, false, false, false, false, false, false, false, false, false, false, false, false, false, false, false, false, false, false, false, false, false, false, false, false, false, false, false, false, false, false, false, false, false, false, false, false, false, false, false, false, false, false, false, false, false, false, false, false, false, false, false, false, false, false, false, false, false, false, false, false, false, false, false, false, false, false, false, false, false, false, false, false, false, false, false, false, false, false, false, false, false, false, false, false, false, false, false, false, false, false, false, false, false, false, false]}}