{"solver": "bb_full", "time": {"mu": [37243181473.2, 300071783176.4, 3930343161.55, 57352041293.85, 510788762.9, 243770515295.45, 135852951180.85, 13793030897.65, 301783584670.25, 5784887949.25, 9784960932.6, 53287963914.05, 1825715568.3, 70761223489.45, 37694346244.0, 300368815840.4, 7868306794.9, 80734824378.1, 4512518606.3, 300054285746.35, 3325613922.75, 18978058887.05, 17100060406.35, 300355400208.2, 300306736353.85, 9824135105.35, 3515750668.65, 13094616063.65, 13638907145.75, 8828694664.7, 16948239929.0, 367752955.25, 17540928304.3, 300053265967.85, 147703414031.55, 67942486347.7, 45652799636.6, 34292584919.95, 38940408295.8, 185726218071.95, 1924311048.3, 9988610397.75, 193776441461.1, 300195503519.4, 16389543380.6, 16974060850.6, 1094525549.8, 40060548218.4, 300082238403.4, 41565829654.1, 2438520906.75, 264423118918.35, 27372273018.4, 300052866488.75, 300088895854.95, 5313698976.35, 300091509789.75, 17245507696.05, 8806148725.6, 10159954275.6, 238817591201.4, 300066969644.25, 18483305579.8, 803269818.1, 509775566.2, 300086896104.05, 20414144182.2, 300092857810.65, 629172769.0, 105886478107.3, 78736404068.0, 15649216079.2, 289864121440.9, 300197719020.05, 97519722041.9, 300181778241.65, 52985194821.55, 22598505561.0, 92326653731.45, 4329002352.9, 107341732405.5, 52333271080.5, 7629282390.1, 92559824427.75, 222179625846.0, 110755735054.2, 8555603743.0, 99585073893.15, 92788001337.5, 7093775179.7, 169873900746.65, 300181537210.8, 87440319144.55, 300054962258.7, 300070661926.0, 300195211255.15, 5169626243.7, 148271220288.1, 25470623775.8, 23046388952.05, 141562239211.2, 73359811236.4, 45004411898.8, 22310018829.85, 25683184980.6, 35437234919.15, 35610133819.35, 5550166818.15, 4204382840.3, 39942536970.25, 40820786648.6, 300038131124.4, 53753764160.35, 3455437502.05, 3529733205.75, 300106261023.1, 15487603753.7, 17020759182.6, 13177448944.1, 103360658794.95, 9142133498.95, 63498842798.1, 300052601884.85, 83690104531.95, 3677703572.05, 11742512790.5, 1463539032.9, 27901405212.65], "sigma": [4603597235.774507, 13582995.541649053, 447383405.66398233, 2449537133.780847, 78298392.1903658, 12566628506.954466, 4615272460.530622, 1447650468.4679382, 443673566.01474017, 819347499.2505238, 1183416722.6447246, 3563268986.8911996, 173171420.7551835, 3131184862.51124, 2417027626.2501473, 53834444.032375954, 522500900.37667614, 1687849425.500479, 467724159.7624024, 5559045.443088345, 212181334.41323966, 1260981131.986018, 937501439.2741445, 33545590.473768692, 29655293.10565322, 421519761.3742427, 125347725.6273664, 1224478265.5850377, 1097590245.841983, 491972070.39168465, 1310070902.551106, 7183215.916273521, 1772925027.3921068, 5905244.657115859, 7429827801.158829, 1534633552.5818682, 1509123411.555245, 943353759.0179303, 1947858060.465703, 2465903467.2918897, 111592488.17616364, 517485830.4862415, 3926079100.6694965, 384220967.1015075, 2253398651.4988723, 456072644.91932625, 55660772.14913831, 2618836727.639008, 6781019.387579526, 1360816185.6950102, 377968305.4025956, 15456967940.436583, 1175683884.9523234, 13505340.830199799, 14416485.926791161, 355012425.7246684, 28301879.207279477, 658528820.0011257, 157073619.80695722, 248580787.64311063, 12178668216.106165, 6024655.74448948, 861584849.6379194, 75395950.08122404, 17527029.698722932, 3815753.504349449, 1007481233.5349064, 11516222.366315447, 10746257.90606501, 4303335800.454401, 3313861739.0258527, 1092502457.8538196, 16479551216.512594, 22589153.757492732, 2927344043.065785, 8050621.648395105, 1066096439.7604487, 888173510.4919199, 3375036219.9662786, 100900474.25578433, 5261822096.767643, 3244354551.12916, 160310047.91610828, 5110693228.67797, 6774502810.767884, 3331450473.2703524, 722867997.9779663, 4388979536.082969, 3928447140.097409, 419656055.6262177, 10680370230.084694, 10824855.423890207, 571602786.9626267, 2827372.848376593, 1928618.4414487514, 7828568.76164342, 327663902.8725047, 706027038.8231792, 487775970.64259577, 248110615.4442396, 1011974612.7517784, 584737316.9207251, 381088995.7115498, 161663546.64499238, 234523809.33387437, 996367598.4003044, 691957226.1767784, 141105920.0421995, 52279007.980947174, 431488861.20794106, 725269620.6611415, 2593918.1482202476, 482994764.2510928, 26142344.20669998, 36565277.651712336, 1287309.0780931932, 245790131.8671094, 103406903.4120863, 130021118.83012885, 885782899.0838908, 88268590.34135948, 770037579.3186502, 2703604.248602055, 517559677.80242753, 34336073.44063806, 82366688.38247071, 13806944.584417876, 325729753.3654789]}, "instance": {"obj": [1000.0000000000371, 1074.9999600000447, 1156.0000000000146, 1242.999990000051, 1336.0000000000086, 1437.0000000000064, 1545.0000000000107, 1661.0, 1785.9999700000626, 1920.000000000001, 2065.0000000000437, 2219.9999900001353, 2386.999990000004, 2567.000000000001, 2760.0000000000637, 2966.9999800000223, 3191.0, 3431.0, 3689.0000000000005, 3965.999970000121, 4265.000000000009, 4585.000000000029, 4930.000000000004, 5300.999960000045, 5699.9999700001, 6129.000000000016, 6590.000000000004, 7085.000000000058, 7617.999990000002, 8191.000000000004, 8808.000000000004, 9470.000000000007, 10182.000000000002, 10947.999960000161, 11772.000000000053, 12657.0, 13610.000000000002, 14632.999990000057, 15734.000000000004, 16917.00000000017, 18190.0, 19558.00000000002, 21029.000000000287, 22610.999980000088, 24312.000000000004, 26141.000000000036, 28106.999990000004, 30221.000000000004, 32493.99997000002, 34938.0, 37566.0, 40392.00000000005, 43430.00000000006, 46696.99994000005, 50208.99997000002, 53986.00000000003, 58045.99997000007, 62412.99999000011, 67107.00000000006, 72154.99999000007, 77582.00000000006, 83417.99998000002, 89691.99999000011, 96437.99999000003, 103692.00000000001, 111491.99998000002, 119878.00000000001, 128894.99996000006, 138590.00000000003, 149014.0000000001, 160221.99999, 172274.00000000003, 185231.99998000002, 199163.99997000006, 214145.00000000003, 230251.99998000008, 247570.99999000004, 266192.99999000004, 286214.9999900001, 307743.0, 330891.00000000006, 355779.0, 382540.00000000006, 411312.99999, 442251.0000000001, 475515.9999900002, 511282.99999000004, 549739.9999900002, 591089.0000000001, 635548.9999900002, 683353.0, 734752.9999800001, 790019.0, 849441.9999800002, 913333.9999800001, 982031.9999500002, 1055897.9999900002, 1135318.9999900002, 1220713.9999900004, 1312533.0000000002, 1411257.0000000002, 1517406.9999900004, 1631542.0000000005, 1754262.0000000002, 1886211.99999, 2028086.9999900004, 2180633.0, 2344652.9999900004, 2521011.0000000005, 2710632.9999900004, 2914519.0000000005, 3133739.9999700002, 3369449.9999900004, 3622888.9999900004, 3895392.000000001, 4188390.999980001, 4503428.000000001, 4842162.0, 5206374.000000001, 5597981.000000001, 6019044.000000001, 6471777.999990001, 6958563.999980002, 7481966.000000001, 8044736.000000001, 8649836.000000002, 9300449.000000002, 10000000.000000002], "rhs": [1000, 1075, 1156, 1243, 1336, 1437, 1545, 1661, 1786, 1920, 2065, 2220, 2387, 2567, 2760, 2967, 3191, 3431, 3689, 3966, 4265, 4585, 4930, 5301, 5700, 6129, 6590, 7085, 7618, 8191, 8808, 9470, 10182, 10948, 11772, 12657, 13610, 14633, 15734, 16917, 18190, 19558, 21029, 22611, 24312, 26141, 28107, 30221, 32494, 34938, 37566, 40392, 43430, 46697, 50209, 53986, 58046, 62413, 67107, 72155, 77582, 83418, 89692, 96438, 103692, 111492, 119878, 128895, 138590, 149014, 160222, 172274, 185232, 199164, 214145, 230252, 247571, 266193, 286215, 307743, 330891, 355779, 382540, 411313, 442251, 475516, 511283, 549740, 591089, 635549, 683353, 734753, 790019, 849442, 913334, 982032, 1055898, 1135319, 1220714, 1312533, 1411257, 1517407, 1631542, 1754262, 1886212, 2028087, 2180633, 2344653, 2521011, 2710633, 2914519, 3133740, 3369450, 3622889, 3895392, 4188391, 4503428, 4842162, 5206374, 5597981, 6019044, 6471778, 6958564, 7481966, 8044736, 8649836, 9300449, 10000000],