{"bb_full": {"mu": [462738780.65, 1835089396.05, 3850577076.95, 2944109347.15, 1635457197.3, 5204359748.65, 940298617.85, 537541182.75, 275573117.9, 354204480.45, 1614283826.4, 455695232.05, 2453462480.65, 2653825055.35, 1455044517.2, 156160348727.65, 208806641.9, 4140914282.65, 1967868968137.3, 2869755147.5, 2050814133.0, 1247335076.25, 2961073768.55, 215275443.75, 978418139.6, 124803115.15, 68169371.55, 22559278.15, 2664363625.55, 378014432.6, 2148744543.7, 403400893.35, 2722311652.6, 7578981506.8, 909785137.05, 2215293138.1, 201554661971.25, 544417551.1, 6306940648.35, 322869335.2, 408166776815.05, 1073272738.65, 680983807.8, 239182754.0, 2755566646.0, 35976311.85, 1267373390.9, 2707476198.6, 2812697290.5, 37052867.1, 415352168.75, 1583349485.9, 1805559596.9, 244427579.4, 248069559.95, 1329402141.75, 934987394.75, 2586201164.95, 184410004.6, 271780439.7, 555657151.5, 296127582.05, 279364296.55, 3053865084.7, 1362050641.1, 53494290376.55, 394775969.4, 1652457786.95, 871539249.8, 634665502.5, 331271635.85, 1353735912.4, 905217826.85, 813680980.95, 1253495061.4, 2844708508.2, 334418235.35, 1246112426.5, 1018944599.55, 2177795542.05, 1481729951.3, 1436084888.0, 1289334587.8, 2689240865.05, 213341801.5, 1812110636701.9, 20462834.45, 2332500834.1, 43973322.55, 2421548349.75, 1247888527.7, 2700384473.4, 1674346695.0, 1206757677.45, 892265635.85, 122119963.25, 2698064253.6, 11828374170.15, 6180341679.4, 242045310.95, 1304085284.35, 636845949.65, 229156277.0, 575010441.9, 739544740.45, 974036946.7, 2507351820.8, 20898836.7, 2332469889.75, 23824552.45, 3582121632.6, 232420029.9, 111410773.35, 438603263.15, 2518673415.8, 803269803.65, 2050618713.4, 2111174316.35, 90627494.0, 887005155.8, 1124911187.65, 1260443984.65, 513415492.55, 279705768.8, 33901057.4, 1011262495.5, 103949060.9, 87176531.15], "sigma": [6280512.273267937, 19870499.25455786, 76398116.38322699, 70471165.73314676, 24156649.341131303, 56938273.07595351, 10942717.106942393, 4651582.276292262, 2415743.7700897334, 1566438.3800385972, 10188718.244572539, 2190754.3582602935, 33373771.894348834, 15000379.952051507, 19854960.517296992, 1346687190.239626, 1743340.4381006719, 45666946.97095502, 13172719729.940983, 15473172.750057496, 42942743.97314919, 10878214.86414879, 33743683.959721774, 1740555.4659033685, 12851914.418599488, 1269733.668781776, 837207.2665933338, 458944.97685535875, 69936653.03199558, 5164756.752514482, 14610693.861779576, 2626477.275913405, 62476606.03329085, 63919149.910879314, 4412866.351145209, 14614092.45660178, 3135982230.101532, 2251585.3110129666, 52633902.794694394, 2201714.8734900784, 2871200313.9829354, 19556062.340115827, 2209263.146124436, 1172248.6583106217, 62242459.36100475, 172354.68025199024, 16824443.62319622, 17681006.84521242, 7790236.081432838, 129202.00365641231, 2764701.3819742454, 6279648.761826253, 17502424.63730817, 1276680.7471000892, 1224629.662410876, 13309017.312634602, 12327439.32354627, 29639519.837996107, 1572476.7913137074, 2286397.2042576433, 1900506.6828744852, 2756797.3948743776, 1557699.559661398, 25751346.803676497, 13989213.130482068, 536816446.83098155, 1327791.2321609582, 5583452.062370521, 4319034.696130199, 3042206.491458885, 4821133.322314428, 4212253.760154275, 3933886.6464606742, 1928191.311619409, 10422844.226459067, 26638300.674454838, 2425239.7704818095, 8256501.590929026, 7070954.731080607, 22431483.816005863, 11895275.39631603, 23609665.52986203, 20107505.588527974, 29347306.143444885, 1613313.8849487966, 7225146637.629354, 304572.6080496328, 70949224.04202896, 262434.0505308905, 68750676.3681518, 7922830.174934148, 25401327.40242043, 13287367.231357448, 16607583.610679533, 5068905.288529294, 967191.9185233788, 39883506.15617293, 127762092.21046868, 62465251.155204535, 1380820.6515449798, 12666849.852585355, 2022255.1761415242, 3061010.5680945856, 3021136.4008485265, 6615266.065180578, 10036693.43332639, 60837437.64592642, 123314.64610674427, 42000382.34489852, 223974.3493517141, 52677430.18477221, 1230899.776562525, 659465.9676197555, 3362958.033543062, 164535523.7290361, 2904054.041554854, 8567570.770100038, 10596945.391903402, 761139.1337377501, 6806816.920779968, 9725040.701189337, 11165387.756452873, 2654149.940538411, 1456596.727065041, 255330.957336057, 5961894.945894835, 779074.1118482213, 518993.65005153813], "obj": [100.0, 109.0, 118.99999999998545, 130.99999999999272, 143.000000000003, 157.0, 171.99999999999858, 188.0, 206.0, 225.99999999999784, 246.99999999999386, 271.0000000000018, 295.99999999999034, 324.0, 355.0, 388.9999999999965, 425.9999999999997, 466.00000000000006, 510.9999999999979, 559.0, 612.000000000001, 671.0, 733.9999999999927, 804.0, 880.0, 964.0000000000002, 1055.0, 1156.0, 1265.0, 1385.0, 1516.9999999999854, 1661.0, 1818.9999999999927, 1990.9999999999977, 2180.0, 2386.9999999999973, 2613.9999999999877, 2861.999999999996, 3132.999999999996, 3430.999999999999, 3755.9999999999936, 4112.999999999979, 4503.000000000001, 4930.0, 5397.999999999993, 5910.0, 6471.0, 7084.999999999993, 7757.999999999993, 8494.0, 9299.999999999998, 10182.0, 11149.0, 12207.0, 13365.0, 14633.0, 16022.0, 17542.0, 19207.000000000004, 21029.0, 23025.000000000004, 25209.999999999996, 27602.0, 30221.0, 33089.00000000001, 36228.0, 39666.0, 43430.0, 47551.0, 52063.000000000015, 57004.0, 62413.0, 68335.00000000001, 74818.99999999999, 81919.00000000001, 89691.99999999999, 98203.00000000001, 107521.0, 117724.0, 128895.0, 141125.0, 154517.0, 169179.0, 185232.0, 202808.0, 222053.0, 243123.0, 266193.0, 291451.0, 319107.00000000006, 349387.00000000006, 382540.0, 418839.0, 458582.0, 502096.0, 549740.0000000001, 601904.0, 659018.0000000001, 721552.0000000001, 790019.0, 864983.0, 947061.0000000001, 1036926.0000000001, 1135319.0, 1243048.0000000002, 1361000.0000000002, 1490144.0, 1631542.0, 1786358.0, 1955863.0, 2141453.0, 2344653.0, 2567135.0, 2810728.0, 3077435.0000000005, 3369450.0, 3689173.0, 4039235.0, 4422514.0, 4842162.0, 5301630.000000001, 5804696.0, 6355498.0, 6958564.0, 7618855.0, 8341801.0, 9133346.0, 10000000.0]}, "bb_raw": {"mu": [261288008.95, 833177156.65, 476406679.5, 993448506.2, 2890232242.85, 165544969.55, 500374926.1, 877625574.05, 1463081199.2, 2885627282.25, 2974133661.1, 1507046806.7, 258882118.45, 2778594401.35, 2338425011.3, 1071832548.2, 326885270.9, 555248945.05, 2311546309.35, 1592922620.85, 511827756.75, 886563430.3, 1427260961.0, 740737019.9, 971523951.1, 1243688409.45, 273219778.45, 2155210823.9, 1714203755.95, 2409617733.45, 269255963.55, 2110645021.95, 282126619.15, 614581958.65, 2534044599.9, 1835722109.6, 1698399020.45, 522735035.55, 2011997806.0, 247967800.3, 1737707237.45, 1575266241.8, 463332538.75, 301257974.9, 353735317.2, 48519564.4, 2794121065.6, 1447458378.85, 2127494967.45, 299375379.95, 1196800833.8, 2738423684.9, 106144338.25, 371410914.7, 597070886.75, 1326279941.9, 1474268605.65, 310069738.55, 2462820241.35, 238320293.85, 1071977680.1, 2848575841.3, 538306842.95, 1981920957.35, 1659603756.6, 177785245.7, 291409416.35, 43984059.85, 305946987.55, 1832215479.75, 1449629417.0, 1351693590.35, 511135481.2, 376225665.8, 677696822.55, 146725894.8, 3046538993.35, 3342040656.25, 1125204330.7, 264315252.45, 1387949652.35, 2639617050.0, 1283706061.95, 2127375608.35, 1725922412.75, 2853196014.05, 643852976.6, 1602138933.6, 2074498007.05, 13749943309.15, 721524782.6, 1209740370.65, 1469599895.75, 692557463.05, 1411928181.35, 1025384412.5, 2751577706.05, 1271595871.0, 15040373120.65, 1703255150.65, 555065101.25, 2981950247.45, 446098408.85, 397851397.6, 1829174264.65, 155156064.8, 367848555.45, 2711903557.3, 2227803636.8, 513302309.95, 342089667.0, 2223235015.55, 1754107113.65, 2305985369.6, 466073283.45, 2113948757.1, 19184338839.75, 294609206.55, 1332846256.45, 1437915919.4, 1475296350.0, 555903112.7, 479081591.7, 1183571190.9, 569395592.75, 2280404119.0, 326975057.9, 83573231.8],